Phase,Chamber,Kestrel,Heatwave,Time,Temperature_C,WetBulb_C,PercentRH,Barometer_MB,Altitude_M,StationPressure_MB,WindSpeed_M/S,HeatIndex_C,DewPoint_C,DensityAltitude_M,WindChill_C
1,1,2,yes,10/7/2021 0:00,32.2,19.4,31,929.7,716,929.8,0,31.6,12.9,1536,32.1
1,1,2,yes,10/7/2021 0:30,29.5,21.7,51.6,929.7,718,929.6,0,31.2,18.5,1477,29.5
1,1,2,yes,10/7/2021 1:00,29.2,21.4,51.3,929.7,718,929.7,0,30.6,18.1,1463,29.2
1,1,2,yes,10/7/2021 1:30,29.3,21.1,49.4,929.5,719,929.6,0,30.3,17.6,1461,29.2
1,1,2,yes,10/7/2021 2:00,29.2,20.9,48.8,929.7,717,929.8,0,30.2,17.4,1458,29.2
1,1,2,yes,10/7/2021 2:30,27.8,19.9,49.6,929.4,720,929.4,0,27.9,16.3,1408,27.7
1,1,2,yes,10/7/2021 3:00,25.2,18.1,51.3,930,715,930,0,24.7,14.5,1308,25.2
1,1,2,yes,10/7/2021 3:30,23.6,15.9,46.6,929.7,717,929.8,0,22.8,11.5,1243,23.6
1,1,2,yes,10/7/2021 4:00,22.5,14.5,43.3,929.9,716,929.9,0,21.7,9.4,1196,22.5
1,1,2,yes,10/7/2021 4:30,21.6,13.9,44.2,930,714,930.1,0,20.9,8.9,1161,21.6
1,1,2,yes,10/7/2021 5:00,21.2,13.7,44.7,930.2,713,930.2,0,20.4,8.7,1147,21.2
1,1,2,yes,10/7/2021 5:30,21.4,13.7,43.5,930.5,709,930.6,0,20.7,8.5,1150,21.4
1,1,2,yes,10/7/2021 6:00,19.9,12.9,45.9,931,706,931,0,18.6,7.9,1090,19.9
1,1,2,yes,10/7/2021 6:30,19.2,12.6,48.1,931.2,704,931.3,0,17.7,8,1063,19.2
1,1,2,yes,10/7/2021 7:00,19.3,12.6,47.5,931.2,704,931.2,0,17.7,7.9,1066,19.2
1,1,2,yes,10/7/2021 7:30,20.7,13.4,45.2,931.5,702,931.5,0,19.8,8.4,1114,20.7
1,1,2,yes,10/7/2021 8:00,23.1,14.5,40.3,931.7,700,931.8,0,22.1,8.9,1196,23.1
1,1,2,yes,10/7/2021 8:30,24.3,17.2,50.7,931.9,698,931.9,0,23.7,13.5,1252,24.3
1,1,2,yes,10/7/2021 9:00,24.6,16.9,47.4,931.7,700,931.7,0,23.7,12.6,1258,24.5
1,1,2,yes,10/7/2021 9:30,25.8,17.7,46.5,931.7,700,931.7,0,25.1,13.5,1305,25.8
1,1,2,yes,10/7/2021 10:00,28.1,19.8,47.6,931.5,702,931.5,0,28.3,15.9,1395,28.1
1,1,2,yes,10/7/2021 10:30,29.1,19.8,43.6,931.4,703,931.4,0,29.1,15.4,1425,29
1,1,2,yes,10/7/2021 11:00,29.2,20.1,44.8,931.2,703,931.3,0,29.4,15.9,1432,29.1
1,1,2,yes,10/7/2021 11:30,31.6,22.2,45.4,931,706,931.1,0,33.6,18.4,1529,31.6
1,1,2,yes,10/7/2021 12:00,34.6,25.1,47.8,930.9,707,930.9,0,40.5,21.9,1650,34.6
1,1,2,yes,10/7/2021 12:30,35.9,25.7,45.5,930.4,711,930.4,0,42.6,22.3,1700,35.9
1,1,2,yes,10/7/2021 13:00,36,25.8,45.6,929.5,718,929.6,0,42.8,22.4,1714,36
1,1,2,yes,10/7/2021 13:30,36.1,25.8,45.3,929.2,721,929.3,0,42.7,22.4,1718,36
1,1,2,yes,10/7/2021 14:00,36.1,25.8,45.4,929,724,929,0,42.8,22.4,1721,36
1,1,2,yes,10/7/2021 14:30,35.4,22.2,32.8,928.7,726,928.8,0,37.3,16.6,1669,35.4
1,1,2,yes,10/7/2021 15:00,35.5,26.8,52.3,928.5,727,928.6,0,44.2,24.2,1718,35.4
1,1,2,yes,10/7/2021 15:30,35.7,27,52.3,928.5,728,928.6,0,45,24.4,1728,35.7
1,1,2,yes,10/7/2021 16:00,36,26.8,50.2,928.4,730,928.4,0,44.7,24,1736,35.9
1,1,2,yes,10/7/2021 16:30,36.1,26.7,49.1,928.5,727,928.6,0,44.7,23.8,1737,36.1
1,1,2,yes,10/7/2021 17:00,36.1,26.3,47.2,928.5,728,928.6,0,43.8,23.1,1731,36.1
1,1,2,yes,10/7/2021 17:30,36.1,27.2,51.7,928.7,726,928.8,0,45.8,24.6,1742,36.1
1,1,2,yes,10/7/2021 18:00,36.3,26.9,49.5,929.2,721,929.3,0,45.1,24,1734,36.2
1,1,2,yes,10/7/2021 18:30,36.2,26.4,47.5,929.2,722,929.3,0,44.2,23.3,1730,36.2
1,1,2,yes,10/7/2021 19:00,36.2,27.1,51.1,929.7,718,929.7,0,45.6,24.4,1731,36.1
1,1,2,yes,10/7/2021 19:30,35.5,26.7,51.4,929.7,718,929.7,0,43.9,23.9,1705,35.4
1,1,2,yes,10/7/2021 20:00,34.9,25.9,50,930.2,713,930.2,0,42.1,22.9,1674,34.9
1,1,2,yes,10/7/2021 20:30,34.1,24.9,48.4,930.2,713,930.2,0,39.5,21.7,1640,34.1
1,1,2,yes,10/7/2021 21:00,33.3,24.6,50,930.2,712,930.3,0,38.4,21.5,1611,33.3
1,1,2,yes,10/7/2021 21:30,33,24.6,51.5,930.2,713,930.2,0,38,21.6,1603,32.9
1,1,2,yes,10/7/2021 22:00,32.7,24.2,50.8,930.5,711,930.5,0,37.1,21.2,1587,32.6
1,1,2,yes,10/7/2021 22:30,32.5,23.8,50.1,930.2,712,930.3,0,36.6,20.7,1578,32.4
1,1,2,yes,10/7/2021 23:00,32.5,23.3,47.7,930.7,707,930.8,0,35.8,19.9,1568,32.4
1,1,2,yes,10/7/2021 23:30,32.3,21.4,39.6,930.5,711,930.5,0,33.6,16.8,1549,32.2
1,1,2,yes,10/8/2021 0:00,32.1,21.2,39,930.4,712,930.4,0,33.3,16.4,1542,32.1
1,1,2,yes,10/8/2021 0:30,29.7,22,52.2,930.2,713,930.2,0,31.7,18.9,1476,29.7
1,1,2,yes,10/8/2021 1:00,29.5,21.7,51.9,930,714,930.1,0,31.1,18.6,1469,29.4
1,1,2,yes,10/8/2021 1:30,29.5,21.7,51.6,929.9,715,929.9,0,31,18.5,1472,29.4
1,1,2,yes,10/8/2021 2:00,29.4,21.5,51.1,930,715,930,0,31,18.2,1467,29.4
1,1,2,yes,10/8/2021 2:30,27.8,20.1,51.3,930,715,930,0,28.2,16.8,1404,27.8
1,1,2,yes,10/8/2021 3:00,25.3,18.1,50.8,930,715,930.1,0,24.8,14.4,1309,25.3
1,1,2,yes,10/8/2021 3:30,23.7,16.2,48,929.7,717,929.7,0,22.9,12,1247,23.6
1,1,2,yes,10/8/2021 4:00,22.6,15.5,48.5,930.2,713,930.2,0,22,11.2,1204,22.6
1,1,2,yes,10/8/2021 4:30,21.7,14.9,49.6,930,714,930.1,0,21.1,10.7,1171,21.6
1,1,2,yes,10/8/2021 5:00,21.3,14.5,49.5,930.7,708,930.7,0,20.8,10.3,1150,21.3
1,1,2,yes,10/8/2021 5:30,20.4,13.9,50.7,931,706,931,0,19.4,9.8,1113,20.3
1,1,2,yes,10/8/2021 6:00,19.2,13.3,52.8,931,704,931.1,0,17.8,9.3,1069,19.1
1,1,2,yes,10/8/2021 6:30,18.9,13.2,54,931.5,701,931.6,0,17.5,9.4,1055,18.9
1,1,2,yes,10/8/2021 7:00,18.8,13.1,54.4,931.7,700,931.8,0,17.5,9.4,1047,18.8
1,1,2,yes,10/8/2021 7:30,20.3,14.1,52.3,931.7,698,931.8,0,19.3,10.2,1101,20.2
1,1,2,yes,10/8/2021 8:00,22.7,15.5,48.5,931.9,698,931.9,0,22.1,11.3,1187,22.7
1,1,2,yes,10/8/2021 8:30,23.6,16.1,47.2,932,696,932.1,0,22.9,11.7,1218,23.6
1,1,2,yes,10/8/2021 9:00,23.8,16.3,47.7,932.2,696,932.2,0,23,12,1222,23.7
1,1,2,yes,10/8/2021 9:30,25.3,17.3,46.3,931.7,698,931.8,0,24.4,12.9,1282,25.3
1,1,2,yes,10/8/2021 10:00,27.5,18.6,43.7,931.5,700,931.6,0,27,14.1,1365,27.5
1,1,2,yes,10/8/2021 10:30,28.4,20.7,51.1,931.2,704,931.3,0,29.1,17.3,1412,28.3
1,1,2,yes,10/8/2021 11:00,28.6,19.3,43.5,930.7,708,930.8,0,28.4,14.9,1412,28.5
1,1,2,yes,10/8/2021 11:30,31.2,23,50.5,930.7,708,930.8,0,34.1,19.8,1528,31.2
1,1,2,yes,10/8/2021 12:00,34.3,25.4,50.4,930.5,710,930.5,0,40.8,22.5,1648,34.3
1,1,2,yes,10/8/2021 12:30,35.9,26.7,50.3,930,715,930,0,44.4,23.9,1714,35.8
1,1,2,yes,10/8/2021 13:00,36,26.7,50,929.2,722,929.2,0,44.9,23.9,1728,36
1,1,2,yes,10/8/2021 13:30,36.1,26.7,49.2,928.7,726,928.8,0,44.8,23.8,1735,36.1
1,1,2,yes,10/8/2021 14:00,36.2,26.6,48.5,928.5,729,928.5,0,44.6,23.6,1739,36.2
1,1,2,yes,10/8/2021 14:30,36.3,26.6,48.2,928.2,732,928.2,0,44.5,23.6,1745,36.2
1,1,2,yes,10/8/2021 15:00,36.3,26.9,49.5,928,732,928,0,45.1,24,1748,36.2
1,1,2,yes,10/8/2021 15:30,36.3,26.6,48.4,927.7,736,927.7,0,44.6,23.6,1751,36.2
1,1,2,yes,10/8/2021 16:00,36.4,26.7,48.3,927.7,734,927.8,0,44.8,23.7,1752,36.3
1,1,2,yes,10/8/2021 16:30,36.3,26.7,48.6,927.7,734,927.8,0,44.7,23.7,1751,36.2
1,1,2,yes,10/8/2021 17:00,36.3,26.7,48.5,928.2,732,928.2,0,44.7,23.7,1746,36.2
1,1,2,yes,10/8/2021 17:30,36.3,26.7,48.9,928.5,728,928.5,0,45.1,23.8,1745,36.3
1,1,2,yes,10/8/2021 18:00,36.3,26.8,49.3,928.7,727,928.7,0,45,23.9,1741,36.2
1,1,2,yes,10/8/2021 18:30,36.3,26.6,47.9,928.7,726,928.8,0,44.6,23.5,1740,36.3
1,1,2,yes,10/8/2021 19:00,36.3,26.8,49.1,928.9,726,928.9,0,44.9,23.9,1740,36.2
1,1,2,yes,10/8/2021 19:30,35.6,26.4,49.8,929,723,929.1,0,43.5,23.4,1711,35.5
1,1,2,yes,10/8/2021 20:00,35,25.4,47.8,929.2,722,929.2,0,41.4,22.3,1685,35
1,1,2,yes,10/8/2021 20:30,34.1,24.1,44.6,929.4,721,929.4,0,38.3,20.4,1642,34.1
1,1,2,yes,10/8/2021 21:00,33.5,25.1,51.9,929.5,719,929.6,0,39.3,22.2,1630,33.4
1,1,2,yes,10/8/2021 21:30,33.1,24.5,50.7,929.4,720,929.4,0,38,21.5,1613,33
1,1,2,yes,10/8/2021 22:00,32.8,24,49.4,929.4,720,929.4,0,37,20.8,1596,32.7
1,1,2,yes,10/8/2021 22:30,32.4,22.8,45.4,929.5,719,929.5,0,35,19,1573,32.3
1,1,2,yes,10/8/2021 23:00,32.3,23.3,47.8,929.5,719,929.5,0,35.7,19.9,1578,32.3
1,1,2,yes,10/8/2021 23:30,32.2,21.5,40,929.7,717,929.8,0,33.7,16.9,1554,32.2
1,1,2,yes,10/9/2021 0:00,32.2,21.3,39.2,929.7,717,929.8,0,33.3,16.6,1551,32.1
1,1,2,yes,10/9/2021 0:30,29.8,22.1,52.9,929.7,716,929.8,0,31.8,19.1,1485,29.7
1,1,2,yes,10/9/2021 1:00,29.5,21.9,52.9,929.9,716,929.9,0,31.5,18.9,1476,29.5
1,1,2,yes,10/9/2021 1:30,29.5,21.9,52.9,929.9,715,929.9,0,31.3,18.9,1473,29.4
1,1,2,yes,10/9/2021 2:00,29.4,21.7,52.3,930,715,930,0,31,18.6,1467,29.3
1,1,2,yes,10/9/2021 2:30,27.8,20.4,52.4,930,715,930,0,28.3,17.2,1406,27.8
1,1,2,yes,10/9/2021 3:00,25.3,17.9,50.3,929.7,718,929.7,0,24.7,14.2,1310,25.2
1,1,2,yes,10/9/2021 3:30,23.7,16.6,50.2,929.5,719,929.6,0,23.1,12.7,1251,23.6
1,1,2,yes,10/9/2021 4:00,22.7,15.9,51,929.2,722,929.3,0,22.1,12,1217,22.6
1,1,2,yes,10/9/2021 4:30,21.7,15.3,52.3,929.5,719,929.6,0,21.2,11.5,1178,21.6
1,1,2,yes,10/9/2021 5:00,21.4,15.1,52.5,929.7,718,929.7,0,21,11.2,1165,21.3
1,1,2,yes,10/9/2021 5:30,20.4,14.4,53.8,929.7,717,929.7,0,19.7,10.7,1131,20.4
1,1,2,yes,10/9/2021 6:00,19.2,13.7,56.2,929.7,717,929.7,0,18,10.3,1088,19.2
1,1,2,yes,10/9/2021 6:30,18.8,13.6,57.6,929.5,719,929.5,0,17.6,10.3,1076,18.8
1,1,2,yes,10/9/2021 7:00,18.9,13.7,58,929.7,718,929.7,0,17.6,10.4,1076,18.8
1,1,2,yes,10/9/2021 7:30,20.3,14.5,55.3,929.9,716,929.9,0,19.5,11,1125,20.3
1,1,2,yes,10/9/2021 8:00,22.7,15.9,50.8,930,715,930,0,22.2,12,1211,22.7
1,1,2,yes,10/9/2021 8:30,23.7,16.4,49,929.9,715,929.9,0,23,12.4,1247,23.7
1,1,2,yes,10/9/2021 9:00,23.8,16.5,49.3,930.2,714,930.2,0,23.1,12.5,1248,23.8
1,1,2,yes,10/9/2021 9:30,25.3,17.5,47.5,929.9,715,929.9,0,24.6,13.4,1306,25.3
1,1,2,yes,10/9/2021 10:00,27.5,18.7,44.6,929.7,716,929.8,0,26.9,14.3,1385,27.4
1,1,2,yes,10/9/2021 10:30,28.3,20,48.2,929.5,720,929.5,0,28.4,16.3,1422,28.2
1,1,2,yes,10/9/2021 11:00,28.4,20,47.5,929.2,723,929.2,0,28.8,16.2,1432,28.4
1,1,2,yes,10/9/2021 11:30,31,22.4,48.9,928.7,726,928.8,0,33.3,19,1537,31
1,1,2,yes,10/9/2021 12:00,34.3,25.8,51.9,928.4,730,928.4,0,41,23,1674,34.2
1,1,2,yes,10/9/2021 12:30,35.9,27,51.3,928,732,928.1,0,44.9,24.3,1737,35.8
1,1,2,yes,10/9/2021 13:00,36.1,26.8,49.9,927.5,738,927.5,0,45.1,24,1751,36.1
1,1,2,yes,10/9/2021 13:30,36.2,25.9,45.8,926.9,742,926.9,0,43.2,22.6,1750,36.1
1,1,2,yes,10/9/2021 14:00,36.2,27.3,51.9,926.7,745,926.7,0,45.9,24.7,1765,36.1
1,1,2,yes,10/9/2021 14:30,36.2,27.1,50.8,926.2,748,926.3,0,45.7,24.4,1770,36.2
1,1,2,yes,10/9/2021 15:00,36.4,26.8,49,926.2,750,926.2,0,45.2,23.9,1772,36.3
1,1,2,yes,10/9/2021 15:30,36.4,26.2,46.1,925.9,752,925.9,0,43.8,22.9,1768,36.3
1,1,2,yes,10/9/2021 16:00,36.3,27.4,51.8,925.7,752,925.8,0,46.4,24.8,1782,36.3
1,1,2,yes,10/9/2021 16:30,36.3,27.1,50.6,925.5,755,925.6,0,45.8,24.4,1783,36.3
1,1,2,yes,10/9/2021 17:00,36.4,26.4,47.2,925.5,756,925.5,0,44.3,23.3,1774,36.3
1,1,2,yes,10/9/2021 17:30,36.2,26.9,49.8,925.4,757,925.4,0,45.2,24.1,1778,36.2
1,1,2,yes,10/9/2021 18:00,36.3,26.9,49.4,925.5,756,925.5,0,45.1,24,1775,36.2
1,1,2,yes,10/9/2021 18:30,36.4,26.4,46.8,925.7,753,925.7,0,44.1,23.2,1773,36.3
1,1,2,yes,10/9/2021 19:00,36.3,26.7,48.8,926,752,926,0,45.1,23.8,1772,36.3
1,1,2,yes,10/9/2021 19:30,35.6,26.3,49.3,926.2,750,926.2,0,43.6,23.4,1744,35.6
1,1,2,yes,10/9/2021 20:00,34.9,25.8,49.6,926.5,746,926.5,0,42,22.8,1714,34.9
1,1,2,yes,10/9/2021 20:30,34.3,24.9,48,926.5,746,926.6,0,39.6,21.7,1685,34.2
1,1,2,yes,10/9/2021 21:00,33.5,23.6,45.2,927,742,927,0,37.1,20,1643,33.4
1,1,2,yes,10/9/2021 21:30,32.9,24.1,49.8,927,742,927,0,37.5,21,1631,32.9
1,1,2,yes,10/9/2021 22:00,32.7,23.7,48.4,927.2,740,927.3,0,36.7,20.4,1617,32.7
1,1,2,yes,10/9/2021 22:30,32.4,23.1,46.8,927.2,739,927.3,0,35.6,19.6,1604,32.4
1,1,2,yes,10/9/2021 23:00,32.4,21.4,39.4,927.5,738,927.5,0,33.9,16.8,1584,32.4
1,1,2,yes,10/9/2021 23:30,32.2,20.6,36.1,927.4,738,927.4,0,32.9,15.3,1572,32.2
1,1,2,yes,10/10/2021 0:00,32.1,20.5,35.8,927.5,737,927.5,0,32.6,15.1,1568,32.1
1,1,2,yes,10/10/2021 0:30,29.7,21.6,50.2,927.7,734,927.8,0,31.3,18.3,1501,29.7
1,1,2,yes,10/10/2021 1:00,29.5,21.3,49.9,928,734,928,0,30.7,17.9,1489,29.4
1,1,2,yes,10/10/2021 1:30,29.5,21.2,49.5,927.9,734,927.9,0,30.7,17.8,1489,29.4
1,1,2,yes,10/10/2021 2:00,29.5,21.1,48.6,928,732,928.1,0,30.5,17.5,1486,29.4
1,1,2,yes,10/10/2021 2:30,27.7,19.4,47.6,928,732,928.1,0,27.7,15.6,1417,27.7
1,1,2,yes,10/10/2021 3:00,25.3,16.6,42.5,928,734,928,0,24.1,11.6,1318,25.2
1,1,2,yes,10/10/2021 3:30,23.6,15.4,43.2,928,734,928,0,22.6,10.4,1258,23.6
1,1,2,yes,10/10/2021 4:00,22.7,14.7,43.7,928,732,928.1,0,21.8,9.7,1222,22.6
1,1,2,yes,10/10/2021 4:30,21.7,14.1,44.4,928.4,729,928.4,0,21,9.1,1183,21.7
1,1,2,yes,10/10/2021 5:00,21.3,13.8,44.3,928.7,726,928.8,0,20.6,8.7,1165,21.3
1,1,2,yes,10/10/2021 5:30,20.4,13.2,45.5,929,724,929,0,19.3,8.2,1130,20.4
1,1,2,yes,10/10/2021 6:00,19.1,12.4,47.2,929.4,721,929.4,0,17.5,7.6,1080,19.1
1,1,2,yes,10/10/2021 6:30,18.9,12.4,48.2,929.7,717,929.8,0,17.1,7.7,1066,18.8
1,1,2,yes,10/10/2021 7:00,18.8,12.3,48.4,930,714,930.1,0,16.9,7.7,1059,18.7
1,1,2,yes,10/10/2021 7:30,20.3,13.2,45.8,930.5,709,930.6,0,19.2,8.3,1111,20.3
1,1,2,yes,10/10/2021 8:00,22.7,14.5,42.3,930.5,709,930.6,0,21.8,9.3,1195,22.7
1,1,2,yes,10/10/2021 8:30,23.7,16.8,51.2,930.9,706,930.9,0,23.1,13,1239,23.7
1,1,2,yes,10/10/2021 9:00,23.9,15.8,44.3,931,706,931,0,22.9,11,1236,23.8
1,1,2,yes,10/10/2021 9:30,25.3,17.4,47.1,931.2,704,931.3,0,24.6,13.3,1291,25.3
1,1,2,yes,10/10/2021 10:00,27.6,19.7,49.5,931.4,703,931.4,0,27.8,16.1,1379,27.6
1,1,2,yes,10/10/2021 10:30,28.4,18.8,41.3,931,706,931.1,0,28,14,1400,28.4
1,1,2,yes,10/10/2021 11:00,28.7,21,51.5,930.9,707,930.9,0,29.6,17.7,1428,28.6
1,1,2,yes,10/10/2021 11:30,31.2,21.6,44.2,930.7,708,930.7,0,32.6,17.6,1516,31.2
1,1,2,yes,10/10/2021 12:00,34.2,25.5,50.9,930.4,711,930.4,0,40.6,22.6,1649,34.2
1,1,2,yes,10/10/2021 12:30,35.8,26.7,50.2,930,715,930,0,44.2,23.8,1710,35.7
1,1,2,yes,10/10/2021 13:00,36.1,26.9,50.4,929.5,719,929.5,0,45,24.1,1728,36
1,1,2,yes,10/10/2021 13:30,36.2,26.7,49.2,928.7,726,928.8,0,44.7,23.8,1736,36.1
1,1,2,yes,10/10/2021 14:00,36.2,26.4,47.5,928.4,730,928.4,0,44.2,23.3,1737,36.2
1,1,2,yes,10/10/2021 14:30,36.3,26.7,48.8,928.2,731,928.2,0,45,23.8,1748,36.3
1,1,2,yes,10/10/2021 15:00,36.4,26.4,47.1,927.7,734,927.8,0,44.5,23.3,1751,36.4
1,1,2,yes,10/10/2021 15:30,36.3,26.7,48.6,927.5,737,927.6,0,44.9,23.8,1756,36.3
1,1,2,yes,10/10/2021 16:00,36.4,26.6,47.9,927.4,739,927.4,0,44.6,23.5,1756,36.3
1,1,2,yes,10/10/2021 16:30,36.4,26.7,48.3,927.2,740,927.2,0,44.8,23.7,1759,36.3
1,1,2,yes,10/10/2021 17:00,36.3,26.7,48.5,927.2,739,927.3,0,44.9,23.7,1756,36.3
1,1,2,yes,10/10/2021 17:30,36.3,26.7,48.4,927.2,740,927.2,0,44.8,23.7,1757,36.3
1,1,2,yes,10/10/2021 18:00,36.3,26.7,48.5,927.4,739,927.4,0,44.6,23.7,1754,36.2
1,1,2,yes,10/10/2021 18:30,36.3,26.7,48.5,927.2,740,927.2,0,44.9,23.7,1759,36.3
1,1,2,yes,10/10/2021 19:00,36.3,26.7,48.6,927.2,740,927.2,0,44.7,23.7,1757,36.2
1,1,2,yes,10/10/2021 19:30,35.6,26.1,48.5,927.4,739,927.4,0,43.2,23.1,1730,35.6
1,1,2,yes,10/10/2021 20:00,34.9,25.5,48.5,927.4,739,927.4,0,41.3,22.4,1698,34.8
1,1,2,yes,10/10/2021 20:30,34.2,24.8,47.6,927.4,738,927.4,0,39.5,21.5,1672,34.2
1,1,2,yes,10/10/2021 21:00,33.5,24.3,48.1,927.2,739,927.3,0,38,21,1645,33.4
1,1,2,yes,10/10/2021 21:30,33,23.9,48.5,927.2,740,927.2,0,37.3,20.7,1631,33
1,1,2,yes,10/10/2021 22:00,32.7,23.4,47.4,927,741,927.1,0,36.2,20,1614,32.6
1,1,2,yes,10/10/2021 22:30,32.4,23.7,50,927,741,927.1,0,36.2,20.6,1608,32.3
1,1,2,yes,10/10/2021 23:00,32.5,23.5,48.3,927,741,927,0,36.2,20.2,1613,32.5
1,1,2,yes,10/10/2021 23:30,32.5,22.9,45.6,926.7,743,926.8,0,35.3,19.2,1608,32.4
1,1,2,yes,10/11/2021 0:00,32.2,20.8,37.1,926.7,744,926.8,0,33.1,15.7,1581,32.2
1,1,2,yes,10/11/2021 0:30,29.7,21.6,50.4,926.4,748,926.4,0,31.3,18.3,1514,29.7
1,1,2,yes,10/11/2021 1:00,29.5,21.3,49.7,926.2,748,926.3,0,30.7,17.9,1507,29.4
1,1,2,yes,10/11/2021 1:30,29.4,21.1,49.2,926.2,749,926.2,0,30.7,17.6,1504,29.4
1,1,2,yes,10/11/2021 2:00,29.4,20.9,48,926.2,750,926.2,0,30.3,17.2,1501,29.3
1,1,2,yes,10/11/2021 2:30,27.7,19.2,46,926,751,926,0,27.5,15.1,1437,27.7
1,1,2,yes,10/11/2021 3:00,25.2,16.3,41.5,925.7,753,925.7,0,23.9,11.2,1339,25.1
1,1,2,yes,10/11/2021 3:30,23.6,15.2,42.3,925.5,755,925.5,0,22.6,10.1,1283,23.6
1,1,2,yes,10/11/2021 4:00,22.6,14.5,43,925.2,757,925.3,0,21.7,9.4,1249,22.5
1,1,2,yes,10/11/2021 4:30,21.7,13.9,43.6,925.2,758,925.2,0,20.9,8.8,1217,21.6
1,1,2,yes,10/11/2021 5:00,21.3,13.6,43.5,925.2,758,925.3,0,20.4,8.4,1202,21.3
1,1,2,yes,10/11/2021 5:30,20.3,13,44.8,925.2,758,925.2,0,19.1,8,1169,20.3
1,1,2,yes,10/11/2021 6:00,19.2,12.3,46.1,925.4,756,925.4,0,17.4,7.3,1124,19.1
1,1,2,yes,10/11/2021 6:30,18.8,12.1,46.6,925.4,757,925.4,0,17,7.2,1112,18.8
1,1,2,yes,10/11/2021 7:00,18.7,12,46.4,925.2,758,925.2,0,16.8,7,1109,18.7
1,1,2,yes,10/11/2021 7:30,20.2,12.8,43.8,925.2,758,925.2,0,18.9,7.5,1164,20.2
1,1,2,yes,10/11/2021 8:00,22.8,14.9,43.9,925.2,758,925.2,0,22,9.9,1260,22.8
1,1,2,yes,10/11/2021 8:30,23.8,17.1,52.4,925.2,758,925.2,0,23.3,13.5,1307,23.8
1,1,2,yes,10/11/2021 9:00,24,17.1,51.4,924.9,761,924.9,0,23.4,13.4,1317,24
1,1,2,yes,10/11/2021 9:30,25.6,18.3,50.8,924.5,763,924.6,0,25.2,14.7,1380,25.6
1,1,2,yes,10/11/2021 10:00,27.8,19.5,47.8,924.5,765,924.5,0,27.7,15.7,1458,27.7
1,1,2,yes,10/11/2021 10:30,28.4,18.5,40,923.7,770,923.9,0,27.8,13.5,1478,28.4
1,1,2,yes,10/11/2021 11:00,28.7,20.6,49.9,923.4,774,923.4,0,29.5,17.2,1510,28.7
1,1,2,yes,10/11/2021 11:30,31.5,22.4,46.9,923.2,775,923.3,0,33.8,18.8,1613,31.5
1,1,2,yes,10/11/2021 12:00,34.5,25.3,49.3,922.7,781,922.7,0,40.6,22.3,1737,34.4
1,1,2,yes,10/11/2021 12:30,35.9,26.3,48.4,922.2,784,922.3,0,43.6,23.3,1792,35.8
1,1,2,yes,10/11/2021 13:00,36.2,26.6,48.6,921.5,792,921.5,0,44.4,23.6,1815,36.1
1,1,2,yes,10/11/2021 13:30,36.1,26.6,48.9,921,796,921.1,0,44.6,23.7,1819,36.1
1,1,2,yes,10/11/2021 14:00,36.2,26.7,49,920.7,800,920.6,0,44.6,23.8,1826,36.1
1,1,2,yes,10/11/2021 14:30,36.3,26.7,48.6,920.4,802,920.4,0,44.7,23.7,1832,36.2
1,1,2,yes,10/11/2021 15:00,36.2,26.7,48.9,920,804,920.1,0,44.8,23.8,1833,36.2
1,1,2,yes,10/11/2021 15:30,36.3,26.7,48.6,919.7,807,919.8,0,44.7,23.7,1838,36.2
1,1,2,yes,10/11/2021 16:00,36.2,26.6,48.7,919.5,809,919.6,0,44.7,23.7,1838,36.2
1,1,2,yes,10/11/2021 16:30,36.2,26.6,48.4,919.2,813,919.2,0,44.6,23.6,1839,36.2
1,1,2,yes,10/11/2021 17:00,36.2,26.5,48.3,918.7,816,918.8,0,44.3,23.5,1842,36.1
1,1,2,yes,10/11/2021 17:30,36.2,26.5,48.3,918.2,821,918.3,0,44.3,23.5,1848,36.1
1,1,2,yes,10/11/2021 18:00,36.2,26.5,48.1,918.2,820,918.3,0,44.2,23.5,1849,36.1
1,1,2,yes,10/11/2021 18:30,36.2,26.5,48.1,918.5,819,918.5,0,44.4,23.5,1848,36.2
1,1,2,yes,10/11/2021 19:00,36.1,26.4,48.1,918.5,819,918.5,0,44,23.4,1843,36
1,1,2,yes,10/11/2021 19:30,35.5,26,48.8,918.4,820,918.4,0,42.8,23,1822,35.4
1,1,2,yes,10/11/2021 20:00,34.8,25.7,49.5,918,823,918,0,41.4,22.6,1802,34.7
1,1,2,yes,10/11/2021 20:30,34,24.8,48.7,918.5,819,918.5,0,39.5,21.7,1767,34
1,1,2,yes,10/11/2021 21:00,33.3,24.2,48.8,918.7,817,918.6,0,37.8,21.1,1737,33.2
1,1,2,yes,10/11/2021 21:30,32.9,23.6,47.5,918.2,822,918.2,0,36.8,20.3,1722,32.9
1,1,2,yes,10/11/2021 22:00,32.6,23.7,49.1,917.9,824,917.9,0,36.6,20.5,1718,32.6
1,1,2,yes,10/11/2021 22:30,32.2,22.9,46.6,918.2,821,918.3,0,35.2,19.4,1695,32.2
1,1,2,yes,10/11/2021 23:00,32.2,22.7,45.6,918.2,820,918.3,0,34.7,19,1691,32.1
1,1,2,yes,10/11/2021 23:30,32.2,21,38,918.4,819,918.4,0,33.1,16.1,1674,32.1
1,1,2,yes,10/12/2021 0:00,32.1,20.3,35.2,919.4,810,919.4,0,32.5,14.8,1654,32.1
1,1,2,yes,10/12/2021 0:30,29.6,21.4,50,919.7,808,919.6,0,30.9,18,1585,29.5
1,1,2,yes,10/12/2021 1:00,29.4,21.2,49.3,920,804,920.1,0,30.7,17.7,1571,29.4
1,1,2,yes,10/12/2021 1:30,29.4,21.1,49.2,920,804,920.1,0,30.5,17.6,1570,29.3
1,1,2,yes,10/12/2021 2:00,29.3,21,49.1,920.2,803,920.2,0,30.4,17.5,1566,29.3
1,1,2,yes,10/12/2021 2:30,27.7,20,50.6,920.5,801,920.5,0,27.9,16.5,1504,27.6
1,1,2,yes,10/12/2021 3:00,25.2,18.1,52.4,920.9,798,920.9,0,24.7,14.7,1406,25.1
1,1,2,yes,10/12/2021 3:30,23.5,16,47.8,921.4,793,921.4,0,22.8,11.8,1334,23.5
1,1,2,yes,10/12/2021 4:00,22.6,14.9,45.1,921.7,789,921.7,0,21.8,10.1,1290,22.5
1,1,2,yes,10/12/2021 4:30,21.6,14,45,922,787,922,0,20.9,9.1,1250,21.5
1,1,2,yes,10/12/2021 5:00,21.2,13.6,44.3,922.7,780,922.7,0,20.3,8.6,1226,21.1
1,1,2,yes,10/12/2021 5:30,20.2,13,45.2,923,778,923,0,19,8,1189,20.2
1,1,2,yes,10/12/2021 6:00,19,12.3,46.6,923.5,772,923.6,0,17.3,7.3,1139,19
1,1,2,yes,10/12/2021 6:30,18.8,12.1,47.1,923.7,771,923.8,0,16.9,7.2,1127,18.7
1,1,2,yes,10/12/2021 7:00,18.7,12,46.9,924.2,767,924.1,0,16.7,7.1,1121,18.6
1,1,2,yes,10/12/2021 7:30,20.3,12.8,43.5,924.4,766,924.4,0,18.9,7.5,1174,20.3
1,1,2,yes,10/12/2021 8:00,22.8,15.6,48.2,924.5,764,924.6,0,22.1,11.3,1269,22.7
1,1,2,yes,10/12/2021 8:30,23.8,16.4,48.9,924.7,761,924.8,0,23.1,12.4,1307,23.8
1,1,2,yes,10/12/2021 9:00,23.8,15,40.5,924.7,762,924.8,0,22.7,9.6,1298,23.8
1,1,2,yes,10/12/2021 9:30,25.4,17.8,49.3,924.9,760,924.9,0,24.9,14,1367,25.4
1,1,2,yes,10/12/2021 10:00,27.7,18.9,44.7,925,760,925,0,27.2,14.6,1445,27.6
1,1,2,yes,10/12/2021 10:30,28.6,20.4,49,925,760,925,0,29.1,16.8,1486,28.5
1,1,2,yes,10/12/2021 11:00,28.8,20.6,49.3,925,760,925.1,0,29.5,17.1,1493,28.7
1,1,2,yes,10/12/2021 11:30,31.6,22.2,45.5,925,760,925,0,33.5,18.4,1594,31.5
1,1,2,yes,10/12/2021 12:00,34.5,25.5,50.1,925,760,925,0,41.2,22.6,1716,34.5
1,1,2,yes,10/12/2021 12:30,36.3,26.5,47.5,924.9,760,924.9,0,44.4,23.4,1779,36.3
1,1,2,yes,10/12/2021 13:00,36.2,26.6,48.4,924.9,761,924.9,0,44.6,23.6,1778,36.2
1,1,2,yes,10/12/2021 13:30,36.2,26.6,48.6,924.7,761,924.8,0,44.7,23.6,1781,36.2
1,1,2,yes,10/12/2021 14:00,36.2,26.6,48.5,924.7,761,924.8,0,44.7,23.6,1781,36.2
1,1,2,yes,10/12/2021 14:30,36.2,26.7,48.7,924.7,761,924.8,0,44.8,23.7,1781,36.2
1,1,2,yes,10/12/2021 15:00,36.3,26.7,48.7,924.7,762,924.8,0,44.8,23.7,1784,36.2
1,1,2,yes,10/12/2021 15:30,36.3,26.7,48.6,924.9,761,924.9,0,44.7,23.7,1782,36.2
1,1,2,yes,10/12/2021 16:00,36.3,26.7,48.5,924.9,761,924.9,0,44.6,23.6,1779,36.2
1,1,2,yes,10/12/2021 16:30,36.3,26.7,48.4,925,760,925,0,44.6,23.7,1779,36.2
1,1,2,yes,10/12/2021 17:00,36.3,26.6,48.2,925,760,925.1,0,44.5,23.6,1778,36.2
1,1,2,yes,10/12/2021 17:30,36.2,26.5,48.2,925,760,925.1,0,44.5,23.5,1776,36.2
1,1,2,yes,10/12/2021 18:00,36.3,26.6,48.3,925.5,756,925.5,0,44.5,23.6,1773,36.2
1,1,2,yes,10/12/2021 18:30,36.3,26.6,48,925.7,752,925.8,0,44.4,23.5,1770,36.2
1,1,2,yes,10/12/2021 19:00,36.2,26.5,47.9,926.2,748,926.3,0,44.2,23.4,1761,36.1
1,1,2,yes,10/12/2021 19:30,35.6,26,48.1,926.7,745,926.7,0,42.8,22.9,1734,35.5
1,1,2,yes,10/12/2021 20:00,34.9,25.5,48.6,926.7,744,926.8,0,41.3,22.4,1708,34.8
1,1,2,yes,10/12/2021 20:30,34.2,25.1,49.4,927,741,927,0,39.9,22.1,1677,34.1
1,1,2,yes,10/12/2021 21:00,33.4,24.2,48.4,927,740,927.1,0,37.9,21,1644,33.3
1,1,2,yes,10/12/2021 21:30,32.9,23.9,48.4,927,741,927,0,36.9,20.6,1625,32.8
1,1,2,yes,10/12/2021 22:00,32.6,23.7,48.5,927.2,740,927.1,0,36.5,20.4,1616,32.6
1,1,2,yes,10/12/2021 22:30,32.3,23.4,48.4,927.2,740,927.3,0,35.8,20,1602,32.3
1,1,2,yes,10/12/2021 23:00,32.4,23.4,48.2,927.5,738,927.5,0,36,20.1,1603,32.4
1,1,2,yes,10/12/2021 23:30,32.5,23,45.8,927.5,737,927.5,0,35.3,19.3,1600,32.4
1,1,2,yes,10/13/2021 0:00,32.5,22.4,43.2,927.5,738,927.5,0,34.9,18.4,1597,32.5
1,1,2,yes,10/13/2021 0:30,29.6,20.5,45.2,927.5,737,927.5,0,30.2,16.4,1489,29.5
1,1,2,yes,10/13/2021 1:00,29.4,20.7,47.5,927.5,737,927.5,0,30.2,17,1484,29.3
1,1,2,yes,10/13/2021 1:30,29.4,20.9,48.2,927.7,736,927.7,0,30.3,17.3,1484,29.3
1,1,2,yes,10/13/2021 2:00,29.3,20.4,46.1,927.5,737,927.5,0,30,16.5,1481,29.3
1,1,2,yes,10/13/2021 2:30,27.8,19.2,46,927.5,738,927.5,0,27.5,15.1,1422,27.7
1,1,2,yes,10/13/2021 3:00,25.2,17.5,48,927.2,740,927.2,0,24.4,13.4,1331,25.1
1,1,2,yes,10/13/2021 3:30,23.8,16.4,48.5,927.2,740,927.3,0,23,12.2,1277,23.7
1,1,2,yes,10/13/2021 4:00,22.6,14.1,40.3,927.2,740,927.3,0,21.6,8.4,1225,22.6
1,1,2,yes,10/13/2021 4:30,21.7,14.7,48.3,927.5,737,927.5,0,21.2,10.3,1197,21.7
1,1,2,yes,10/13/2021 5:00,21.4,14.5,48.5,927.7,736,927.7,0,20.9,10.1,1185,21.4
1,1,2,yes,10/13/2021 5:30,20.3,12.2,40,927.7,735,927.8,0,18.7,6.2,1134,20.3
1,1,2,yes,10/13/2021 6:00,19,12.5,48.2,927.9,734,927.9,0,17.4,7.8,1093,19
1,1,2,yes,10/13/2021 6:30,18.7,12.5,50.2,927.9,734,927.9,0,17,8.2,1083,18.7
1,1,2,yes,10/13/2021 7:00,18.6,11.7,44.5,928,734,928,0,16.6,6.3,1075,18.6
1,1,2,yes,10/13/2021 7:30,20.4,13,44.9,928.2,730,928.3,0,19.1,8,1137,20.3
1,1,2,yes,10/13/2021 8:00,23,15.9,49.7,928.4,729,928.4,0,22.3,11.9,1237,22.9
1,1,2,yes,10/13/2021 8:30,23.9,16.3,47.8,928.5,728,928.6,0,23.1,12.1,1266,23.8
1,1,2,yes,10/13/2021 9:00,23.9,15.7,43.6,928.4,729,928.4,0,22.9,10.8,1264,23.8
1,1,2,yes,10/13/2021 9:30,25.7,18,48.7,928.4,730,928.4,0,25.2,14.1,1339,25.7
1,1,2,yes,10/13/2021 10:00,27.9,19.2,45.6,928,732,928.1,0,27.7,15.1,1421,27.9
1,1,2,yes,10/13/2021 10:30,28.6,19.3,43.2,927.7,735,927.8,0,28.5,14.9,1447,28.6
1,1,2,yes,10/13/2021 11:00,28.8,20,46.3,927.7,735,927.8,0,29.2,16.1,1458,28.8
1,1,2,yes,10/13/2021 11:30,31.6,21.8,43.9,927.2,739,927.3,0,33.2,17.8,1565,31.5
1,1,2,yes,10/13/2021 12:00,34.5,24.9,47,927,742,927,0,40,21.6,1687,34.5
1,1,2,yes,10/13/2021 12:30,35.9,25.9,46.2,926.5,746,926.6,0,43,22.6,1744,35.9
1,1,2,yes,10/13/2021 13:00,36.2,26.2,46.9,926,751,926,0,43.7,23,1761,36.1
1,1,2,yes,10/13/2021 13:30,36.3,26.3,46.8,925.7,754,925.6,0,43.9,23.1,1770,36.2
1,1,2,yes,10/13/2021 14:00,36.3,26.3,46.9,925.2,757,925.3,0,43.9,23.1,1774,36.2
1,1,2,yes,10/13/2021 14:30,36.2,26.3,47.1,925.2,758,925.1,0,44,23.1,1774,36.2
1,1,2,yes,10/13/2021 15:00,36.2,26.3,47,925,760,925.1,0,44,23.1,1773,36.2
1,1,2,yes,10/13/2021 15:30,36.3,26.3,46.9,924.9,761,924.9,0,43.9,23.1,1777,36.2
1,1,2,yes,10/13/2021 16:00,36.3,26.3,46.9,925,760,925,0,44,23.1,1776,36.2
1,1,2,yes,10/13/2021 16:30,36.3,26.3,46.8,925,760,925,0,43.8,23.1,1776,36.2
1,1,2,yes,10/13/2021 17:00,36.2,26.3,46.8,925,760,925,0,43.9,23,1774,36.2
1,1,2,yes,10/13/2021 17:30,36.3,26.3,46.7,925,758,925.1,0,43.8,23,1775,36.2
1,1,2,yes,10/13/2021 18:00,36.2,26.1,46.5,925.2,758,925.3,0,43.7,22.9,1771,36.2
1,1,2,yes,10/13/2021 18:30,36.2,26.2,46.6,925.5,756,925.5,0,43.8,23,1770,36.2
1,1,2,yes,10/13/2021 19:00,36.2,26.1,46.4,925.7,752,925.8,0,43.4,22.9,1762,36.1
1,1,2,yes,10/13/2021 19:30,35.5,25.6,46.7,926,752,926,0,42.2,22.4,1736,35.5
1,1,2,yes,10/13/2021 20:00,34.9,25.2,47.4,926.2,750,926.1,0,40.8,22,1710,34.8
1,1,2,yes,10/13/2021 20:30,34,24.7,48.1,926.5,746,926.6,0,39.2,21.5,1676,34
1,1,2,yes,10/13/2021 21:00,33.3,24.2,48.6,926.5,745,926.6,0,38,21,1649,33.3
1,1,2,yes,10/13/2021 21:30,32.8,24,49.4,926.9,742,926.9,0,37.2,20.8,1627,32.8
1,1,2,yes,10/13/2021 22:00,32.7,23.6,48.3,927.2,740,927.3,0,36.4,20.3,1615,32.6
1,1,2,yes,10/13/2021 22:30,32.5,23.4,48.2,927.4,739,927.4,0,36,20.1,1606,32.4
1,1,2,yes,10/13/2021 23:00,32.5,23.3,47.2,927.5,736,927.6,0,35.9,19.9,1604,32.5
1,1,2,yes,10/13/2021 23:30,32.5,22.8,45,927.7,734,927.8,0,35.3,19.1,1598,32.5
1,1,2,yes,10/14/2021 0:00,32.5,22.1,41.9,927.9,734,927.9,0,34.4,17.8,1587,32.4
1,1,2,yes,10/14/2021 0:30,29.6,20.8,46.7,928,732,928.1,0,30.6,17,1489,29.6
1,1,2,yes,10/14/2021 1:00,29.4,20.5,45.6,928.4,730,928.4,0,30,16.5,1476,29.4
1,1,2,yes,10/14/2021 1:30,29.4,20.3,45.1,928.2,730,928.3,0,30,16.3,1475,29.4
1,1,2,yes,10/14/2021 2:00,29.3,19.8,43.1,928.5,728,928.5,0,29.4,15.4,1463,29.2
1,1,2,yes,10/14/2021 2:30,27.6,18.5,43.1,928.5,729,928.5,0,27,13.9,1400,27.5
1,1,2,yes,10/14/2021 3:00,25.3,17.6,48,928.7,727,928.6,0,24.5,13.5,1320,25.2
1,1,2,yes,10/14/2021 3:30,23.9,16.5,48.5,928.9,726,928.9,0,23.1,12.3,1264,23.8
1,1,2,yes,10/14/2021 4:00,22.7,15.7,49.3,928.9,724,928.9,0,22.1,11.6,1222,22.7
1,1,2,yes,10/14/2021 4:30,21.7,14.8,48.9,929.2,722,929.2,0,21.1,10.5,1179,21.6
1,1,2,yes,10/14/2021 5:00,21.3,12.9,39.2,929.2,722,929.3,0,20.2,6.9,1152,21.2
1,1,2,yes,10/14/2021 5:30,20.5,13.9,50,929.5,718,929.6,0,19.5,9.7,1130,20.4
1,1,2,yes,10/14/2021 6:00,19.1,13,51.4,929.7,716,929.8,0,17.7,8.9,1079,19.1
1,1,2,yes,10/14/2021 6:30,18.8,11.7,44.1,930,714,930.1,0,16.9,6.3,1057,18.8
1,1,2,yes,10/14/2021 7:00,18.7,11,39.8,930.2,713,930.3,0,16.5,4.8,1047,18.7
1,1,2,yes,10/14/2021 7:30,20.3,13.4,47.4,930.7,707,930.8,0,19.2,8.8,1109,20.3
1,1,2,yes,10/14/2021 8:00,22.7,14.7,43.2,931.2,704,931.2,0,21.9,9.6,1190,22.7
1,1,2,yes,10/14/2021 8:30,23.8,16.4,48.3,931.5,700,931.6,0,23.1,12.2,1232,23.8
1,1,2,yes,10/14/2021 9:00,24.1,16.4,47.1,931.5,701,931.5,0,23.3,12.1,1243,24.1
1,1,2,yes,10/14/2021 9:30,25.7,17.2,44,931.5,701,931.5,0,24.8,12.5,1298,25.7
1,1,2,yes,10/14/2021 10:00,27.9,18.9,43.8,931.7,700,931.7,0,27.3,14.4,1378,27.8
1,1,2,yes,10/14/2021 10:30,28.6,19.8,45.3,931.5,701,931.6,0,28.7,15.6,1409,28.6
1,1,2,yes,10/14/2021 11:00,28.9,19.2,41.8,931.5,702,931.5,0,28.6,14.6,1414,28.8
1,1,2,yes,10/14/2021 11:30,31.5,22.2,46,931.2,704,931.1,0,33.4,18.4,1523,31.4
1,1,2,yes,10/14/2021 12:00,34.5,24.4,45.1,930.9,707,930.9,0,39.1,20.8,1637,34.4
1,1,2,yes,10/14/2021 12:30,36,25.3,43.8,930.7,709,930.7,0,42,21.7,1695,35.9
1,1,2,yes,10/14/2021 13:00,36.1,25.4,43.7,930.2,713,930.3,0,42.4,21.8,1705,36.1
1,1,2,yes,10/14/2021 13:30,36.2,25.5,43.6,929.7,716,929.8,0,42.6,21.9,1715,36.2
1,1,2,yes,10/14/2021 14:00,36.4,25.6,43.2,929.7,718,929.7,0,42.6,21.9,1719,36.3
1,1,2,yes,10/14/2021 14:30,36.3,23.2,34.3,929.7,717,929.8,0,39.2,18.1,1692,36.2
1,1,2,yes,10/14/2021 15:00,36.5,24.6,39.2,929.5,719,929.5,0,41.6,20.4,1716,36.5
1,1,2,yes,10/14/2021 15:30,36.6,24.7,39.2,929.5,720,929.5,0,41.6,20.5,1719,36.5
1,1,2,yes,10/14/2021 16:00,36.4,22.1,29.7,929.5,719,929.5,0,38,15.9,1691,36.4
1,1,2,yes,10/14/2021 16:30,36.6,25,40.3,929.5,719,929.5,0,42.2,21,1724,36.6
1,1,2,yes,10/14/2021 17:00,36.5,25.1,41,929.7,718,929.6,0,42.3,21.2,1722,36.5
1,1,2,yes,10/14/2021 17:30,36.6,25.2,41.3,929.7,716,929.8,0,42.6,21.3,1722,36.6
1,1,2,yes,10/14/2021 18:00,36.5,25.2,41.4,930,715,930.1,0,42.4,21.3,1716,36.5
1,1,2,yes,10/14/2021 18:30,36.4,25.1,41.5,930.4,711,930.4,0,42.2,21.3,1711,36.4
1,1,2,yes,10/14/2021 19:00,36.5,25.2,41.7,930.5,710,930.6,0,42.2,21.4,1710,36.4
1,1,2,yes,10/14/2021 19:30,35.4,24.7,43.1,930.7,708,930.7,0,40.7,21,1672,35.4
1,1,2,yes,10/14/2021 20:00,34.7,24.3,44,930.9,706,930.9,0,39.2,20.6,1643,34.6
1,1,2,yes,10/14/2021 20:30,33.9,23.9,44.8,931.2,704,931.2,0,38,20.2,1613,33.9
1,1,2,yes,10/14/2021 21:00,33.1,23.5,45.7,931.4,702,931.4,0,36.7,19.9,1583,33.1
1,1,2,yes,10/14/2021 21:30,32.7,23.3,46.4,931.7,700,931.7,0,36.1,19.7,1564,32.7
1,1,2,yes,10/14/2021 22:00,32.4,23.1,46.7,931.7,698,931.8,0,35.6,19.6,1554,32.4
1,1,2,yes,10/14/2021 22:30,32.2,22.9,46.9,932,696,932.1,0,35.1,19.4,1542,32.1
1,1,2,yes,10/14/2021 23:00,32.6,22.7,44.2,932.2,695,932.2,0,35.1,18.8,1550,32.5
1,1,2,yes,10/14/2021 23:30,32.7,22.3,42,932.2,694,932.3,0,34.8,18.1,1549,32.6
1,2,2,yes,10/21/2021 0:00,22.5,13.3,35.6,933.5,684,933.5,0,21.3,6.6,1148,22.5
1,2,2,yes,10/21/2021 0:30,20.3,13.8,50.5,933.4,684,933.4,0,19.2,9.7,1083,20.3
1,2,2,yes,10/21/2021 1:00,20.1,13.8,51,933.4,684,933.4,0,19.1,9.7,1077,20.1
1,2,2,yes,10/21/2021 1:30,20.1,13.7,50.7,933.4,685,933.4,0,19,9.5,1074,20
1,2,2,yes,10/21/2021 2:00,18.5,12.3,49.8,933.5,684,933.5,0,16.7,7.8,1014,18.5
1,2,2,yes,10/21/2021 2:30,17.9,11,44.2,933.4,685,933.4,0,15.7,5.5,985,17.8
1,2,2,yes,10/21/2021 3:00,17.9,10.8,43,933.5,684,933.5,0,15.8,5.2,987,17.9
1,2,2,yes,10/21/2021 3:30,17.4,10.5,43.4,933.5,683,933.6,0,15.3,4.8,963,17.3
1,2,2,yes,10/21/2021 4:00,16.7,10.1,44.3,933.5,683,933.6,0,14.7,4.5,941,16.7
1,2,2,yes,10/21/2021 4:30,16.1,9.8,45.2,933.7,681,933.8,0,14.3,4.3,917,16.1
1,2,2,yes,10/21/2021 5:00,15.9,9.6,45.3,933.9,681,933.9,0,14.1,4.1,908,15.9
1,2,2,yes,10/21/2021 5:30,15.2,9.1,46.3,933.9,680,933.9,0,13.4,3.8,881,15.1
1,2,2,yes,10/21/2021 6:00,14.3,8.7,48.2,934,680,934,0,12.8,3.5,849,14.3
1,2,2,yes,10/21/2021 6:30,15.9,9.5,44.9,934,679,934.1,0,14,4,906,15.9
1,2,2,yes,10/21/2021 7:00,17.7,10.4,40.7,934.2,676,934.4,0,15.4,4.2,967,17.7
1,2,2,yes,10/21/2021 7:30,18.4,11.9,47.7,934.7,673,934.8,0,16.4,7,992,18.3
1,2,2,yes,10/21/2021 8:00,18.4,12.3,50.5,935.2,669,935.2,0,16.5,7.9,990,18.3
1,2,2,yes,10/21/2021 8:30,19.9,12.8,45.6,935.4,667,935.4,0,18.5,7.8,1041,19.8
1,2,2,yes,10/21/2021 9:00,21.7,14.1,44.8,935.2,668,935.2,0,21,9.2,1111,21.7
1,2,2,yes,10/21/2021 9:30,23.9,15.9,45.1,935,671,935,0,23.1,11.3,1195,23.9
1,2,2,yes,10/21/2021 10:00,25.9,16.9,41.5,934.7,672,934.8,0,24.9,11.9,1269,25.9
1,2,2,yes,10/21/2021 10:30,24.1,15.8,43.3,934.7,673,934.7,0,23,10.9,1204,24.1
1,2,2,yes,10/21/2021 11:00,24.4,15.7,41.6,934.5,676,934.5,0,23.2,10.5,1215,24.4
1,2,2,yes,10/21/2021 11:30,26.8,18.3,45.4,934,679,934.1,0,26.2,14,1312,26.7
1,2,2,yes,10/21/2021 12:00,27.4,18.6,44.5,933.5,684,933.5,0,26.9,14.2,1340,27.4
1,2,2,yes,10/21/2021 12:30,27.2,18.4,44.2,933.2,686,933.3,0,26.6,13.9,1334,27.1
1,2,2,yes,10/21/2021 13:00,26.6,18,44.4,932.7,692,932.7,0,25.8,13.5,1318,26.5
1,2,2,yes,10/21/2021 13:30,25.8,16.4,39.6,932.2,696,932.1,0,24.6,11.1,1292,25.8
1,2,2,yes,10/21/2021 14:00,25.9,17.7,46.2,931.5,700,931.6,0,25.3,13.5,1309,25.9
1,2,2,yes,10/21/2021 14:30,24.9,17.1,47.1,931.4,702,931.4,0,24,12.9,1274,24.8
1,2,2,yes,10/21/2021 15:00,24.1,16.4,47.5,931.2,704,931.2,0,23.2,12.2,1245,24
1,2,2,yes,10/21/2021 15:30,22.9,16.2,52,931.2,704,931.2,0,22.4,12.5,1205,22.8
1,2,2,yes,10/21/2021 16:00,23.2,17.2,56.1,931,706,931,0,22.9,14,1225,23.2
1,2,2,yes,10/21/2021 16:30,23.3,17.9,60.6,930.9,707,930.9,0,23.2,15.2,1235,23.2
1,2,2,yes,10/21/2021 17:00,22.4,16.8,58.4,930.7,707,930.9,0,22.3,13.9,1197,22.4
1,2,2,yes,10/21/2021 17:30,22.7,16.9,57,931,706,931,0,22.5,13.8,1207,22.7
1,2,2,yes,10/21/2021 18:00,23.5,17.5,56,931.2,704,931.3,0,23.2,14.2,1234,23.5
1,2,2,yes,10/21/2021 18:30,23.7,17.5,55.8,931.4,702,931.4,0,23.3,14.3,1238,23.6
1,2,2,yes,10/21/2021 19:00,23.8,17.6,55.9,931.4,702,931.4,0,23.4,14.4,1242,23.7
1,2,2,yes,10/21/2021 19:30,23.6,17.3,55.1,931.5,701,931.5,0,23.2,14.1,1232,23.5
1,2,2,yes,10/21/2021 20:00,23.6,17.2,54.6,931.7,700,931.7,0,23.2,13.9,1231,23.6
1,2,2,yes,10/21/2021 20:30,23.6,17.2,54.3,931.7,700,931.8,0,23.2,13.9,1230,23.6
1,2,2,yes,10/21/2021 21:00,23.7,17.2,53.9,931.7,698,931.8,0,23.2,13.8,1231,23.6
1,2,2,yes,10/21/2021 21:30,23.6,17.1,53.9,932,697,932.1,0,23.1,13.7,1224,23.5
1,2,2,yes,10/21/2021 22:00,23.7,17.2,53.6,932.4,694,932.4,0,23.2,13.7,1226,23.6
1,2,2,yes,10/21/2021 22:30,23.7,17.2,53.4,932.2,694,932.3,0,23.2,13.7,1225,23.6
1,2,2,yes,10/21/2021 23:00,23.8,17.3,54.2,932.2,695,932.3,0,23.4,14,1231,23.8
1,2,2,yes,10/21/2021 23:30,23.8,17.3,54.4,932.2,696,932.2,0,23.3,14,1231,23.7
1,2,2,yes,10/22/2021 0:00,23.8,17.4,54.5,931.9,698,931.9,0,23.4,14.1,1236,23.8
1,2,2,yes,10/22/2021 0:30,20.5,15.3,59.2,931.7,700,931.6,0,20,12.3,1119,20.5
1,2,2,yes,10/22/2021 1:00,20.1,14.9,59.1,931.5,701,931.6,0,19.5,11.9,1104,20.1
1,2,2,yes,10/22/2021 1:30,20,14.8,58.8,931.5,702,931.5,0,19.2,11.7,1100,19.9
1,2,2,yes,10/22/2021 2:00,19.9,14.7,58.6,931.5,701,931.5,0,19.1,11.5,1095,19.8
1,2,2,yes,10/22/2021 2:30,19.2,14.2,59.5,931.5,701,931.5,0,18.1,11.1,1069,19.1
1,2,2,yes,10/22/2021 3:00,18.3,13.6,60.8,931.2,704,931.3,0,17,10.6,1038,18.2
1,2,2,yes,10/22/2021 3:30,17.1,12.8,62.6,931.2,703,931.3,0,16,9.9,997,17.1
1,2,2,yes,10/22/2021 4:00,15.9,12,64.8,931,706,931.1,0,14.9,9.3,952,15.8
1,2,2,yes,10/22/2021 4:30,14.6,11.1,66.8,931.2,704,931.2,0,13.7,8.5,903,14.5
1,2,2,yes,10/22/2021 5:00,13.9,10.6,68.2,931,704,931.1,0,13.1,8.1,878,13.9
1,2,2,yes,10/22/2021 5:30,13.7,10.4,68.2,931,704,931.1,0,13.1,8,872,13.7
1,2,2,yes,10/22/2021 6:00,13.6,10.3,67.8,931.2,704,931.2,0,13,7.8,866,13.6
1,2,2,yes,10/22/2021 6:30,13.7,10.4,68.2,931.2,704,931.2,0,13,7.9,867,13.6
1,2,2,yes,10/22/2021 7:00,13.7,10.4,68.5,931,704,931.1,0,13.1,8,871,13.7
1,2,2,yes,10/22/2021 7:30,15.5,11.7,65.3,931.2,704,931.2,0,14.6,9,937,15.5
1,2,2,yes,10/22/2021 8:00,17.7,13.1,61.2,931.4,702,931.4,0,16.4,10.1,1014,17.6
1,2,2,yes,10/22/2021 8:30,18.8,13.9,59.7,931.2,704,931.2,0,17.5,10.8,1058,18.7
1,2,2,yes,10/22/2021 9:00,19.4,14.4,59.2,931,704,931.1,0,18.5,11.3,1083,19.4
1,2,2,yes,10/22/2021 9:30,20.7,15.2,57.8,930.9,706,930.9,0,20.2,12.1,1131,20.6
1,2,2,yes,10/22/2021 10:00,22,16.2,56.1,930.7,709,930.7,0,21.8,12.9,1182,22
1,2,2,yes,10/22/2021 10:30,23.9,17.4,54,930.5,710,930.5,0,23.5,14.1,1255,23.9
1,2,2,yes,10/22/2021 11:00,25,18.1,52.5,930.2,713,930.3,0,24.6,14.6,1298,25
1,2,2,yes,10/22/2021 11:30,26.3,22.2,71.5,930,715,930.1,0,28,20.7,1376,26.2
1,2,2,yes,10/22/2021 12:00,26.9,24,79.1,929.7,718,929.6,0,30.3,23,1416,26.9
1,2,2,yes,10/22/2021 12:30,27.3,24.2,78.2,929,724,929,0,30.8,23.2,1437,27.2
1,2,2,yes,10/22/2021 13:00,27.2,23.8,76.2,928.5,729,928.5,0,30.5,22.7,1436,27.2
1,2,2,yes,10/22/2021 13:30,27,23.1,72.4,927.9,734,927.9,0,29.6,21.6,1430,27
1,2,2,yes,10/22/2021 14:00,26.6,22.3,70.2,927.5,737,927.6,0,28.6,20.7,1412,26.6
1,2,2,yes,10/22/2021 14:30,26,21.6,68.8,927.2,740,927.3,0,27.4,19.9,1392,26
1,2,2,yes,10/22/2021 15:00,25.4,20.9,68,927,741,927,0,26.3,19.1,1370,25.4
1,2,2,yes,10/22/2021 15:30,25.2,20.6,67.2,927,741,927,0,25.7,18.7,1359,25.1
1,2,2,yes,10/22/2021 16:00,25.2,20.4,66.2,926.7,744,926.7,0,25.7,18.4,1361,25.1
1,2,2,yes,10/22/2021 16:30,25.1,20.1,64.7,926.5,746,926.6,0,25.4,18,1357,25
1,2,2,yes,10/22/2021 17:00,24.5,19.6,64.7,926.5,747,926.5,0,24.7,17.4,1336,24.5
1,2,2,yes,10/22/2021 17:30,24.2,19.2,63.5,926.2,748,926.3,0,24.4,16.9,1325,24.2
1,2,2,yes,10/22/2021 18:00,24.1,18.3,59.1,926.4,747,926.4,0,24,15.6,1313,24.1
1,2,2,yes,10/22/2021 18:30,24,18.1,57.6,926.5,745,926.6,0,23.8,15.1,1307,24
1,2,2,yes,10/22/2021 19:00,23.9,17.9,56.8,926.9,742,926.9,0,23.7,14.9,1299,23.9
1,2,2,yes,10/22/2021 19:30,23.8,17.6,55.8,927.2,740,927.1,0,23.4,14.4,1290,23.7
1,2,2,yes,10/22/2021 20:00,23.8,17.4,55,927.2,739,927.3,0,23.3,14.2,1286,23.7
1,2,2,yes,10/22/2021 20:30,23.7,17.3,54.3,927.4,738,927.4,0,23.3,13.9,1281,23.7
1,2,2,yes,10/22/2021 21:00,23.8,17.2,53.6,927.5,737,927.5,0,23.3,13.8,1282,23.7
1,2,2,yes,10/22/2021 21:30,23.7,17.2,53.3,927.5,736,927.6,0,23.2,13.6,1278,23.7
1,2,2,yes,10/22/2021 22:00,23.7,17,52.9,927.7,735,927.7,0,23.2,13.5,1276,23.6
1,2,2,yes,10/22/2021 22:30,23.8,17.1,52.5,927.7,734,927.8,0,23.2,13.5,1278,23.7
1,2,2,yes,10/22/2021 23:00,24,17.3,53,927.7,735,927.8,0,23.4,13.8,1285,23.9
1,2,2,yes,10/22/2021 23:30,24,17.3,53.1,927.5,737,927.5,0,23.4,13.8,1289,23.9
1,2,2,yes,10/23/2021 0:00,23.9,17.3,53.1,927.4,739,927.4,0,23.4,13.8,1289,23.9
1,2,2,yes,10/23/2021 0:30,20.7,15.2,57.8,927.2,739,927.3,0,20.2,12.1,1171,20.6
1,2,2,yes,10/23/2021 1:00,20.1,14.8,58,927,740,927.1,0,19.3,11.6,1150,20
1,2,2,yes,10/23/2021 1:30,19.9,14.7,57.6,927,740,927.1,0,19.2,11.3,1145,19.9
1,2,2,yes,10/23/2021 2:00,19.9,14.5,57.3,927.2,740,927.3,0,19,11.2,1140,19.8
1,2,2,yes,10/23/2021 2:30,19.2,14,58,927,742,927,0,18.1,10.8,1120,19.2
1,2,2,yes,10/23/2021 3:00,18.3,13.3,59.3,926.9,742,926.9,0,16.9,10.2,1086,18.2
1,2,2,yes,10/23/2021 3:30,17.1,12.7,60.9,926.7,743,926.8,0,15.9,9.6,1045,17.1
1,2,2,yes,10/23/2021 4:00,15.9,11.8,63,926.7,745,926.6,0,14.9,8.9,1001,15.9
1,2,2,yes,10/23/2021 4:30,14.6,11,65.4,926.5,746,926.6,0,13.7,8.2,952,14.5
1,2,2,yes,10/23/2021 5:00,13.8,10.3,66.9,926.7,744,926.8,0,13,7.7,919,13.7
1,2,2,yes,10/23/2021 5:30,13.6,10.2,67.2,926.7,744,926.8,0,12.8,7.6,912,13.5
1,2,2,yes,10/23/2021 6:00,13.5,10,66.7,927,741,927.1,0,12.7,7.4,905,13.4
1,2,2,yes,10/23/2021 6:30,13.6,10.2,67,927,740,927.1,0,12.9,7.6,911,13.6
1,2,2,yes,10/23/2021 7:00,13.7,10.3,67.4,927.5,738,927.5,0,12.9,7.7,908,13.6
1,2,2,yes,10/23/2021 7:30,15.2,11.5,64.8,927.7,735,927.7,0,14.3,8.7,966,15.2
1,2,2,yes,10/23/2021 8:00,17.6,13,60.6,927.9,734,927.9,0,16.4,9.9,1052,17.6
1,2,2,yes,10/23/2021 8:30,18.9,13.7,58.4,928,734,928,0,17.7,10.5,1094,18.8
1,2,2,yes,10/23/2021 9:00,19.5,14.2,57.9,928,734,928,0,18.4,11,1118,19.4
1,2,2,yes,10/23/2021 9:30,21,15.2,56.3,928,732,928.1,0,20.5,11.9,1171,20.9
1,2,2,yes,10/23/2021 10:00,22.9,16.6,53.9,927.9,734,927.9,0,22.5,13.1,1244,22.8
1,2,2,yes,10/23/2021 10:30,24.5,17.6,52.2,927.7,736,927.7,0,23.9,14,1305,24.4
1,2,2,yes,10/23/2021 11:00,25.9,18.5,50.9,927.7,735,927.7,0,25.5,14.9,1357,25.8
1,2,2,yes,10/23/2021 11:30,26.8,19.2,50.3,927.4,738,927.4,0,26.7,15.6,1392,26.7
1,2,2,yes,10/23/2021 12:00,27.4,19.6,50.1,926.9,743,926.9,0,27.5,16.1,1420,27.3
1,2,2,yes,10/23/2021 12:30,27.5,19.7,50.1,926.4,748,926.4,0,27.6,16.2,1430,27.4
1,2,2,yes,10/23/2021 13:00,27.3,19.7,50.6,925.7,753,925.8,0,27.3,16.2,1431,27.2
1,2,2,yes,10/23/2021 13:30,27,19.5,51,925.2,758,925.3,0,27.1,16,1427,27
1,2,2,yes,10/23/2021 14:00,26.5,19.2,51.6,924.5,764,924.6,0,26.5,15.8,1417,26.5
1,2,2,yes,10/23/2021 14:30,25.9,18.8,52.3,924.5,764,924.5,0,25.8,15.4,1394,25.9
1,2,2,yes,10/23/2021 15:00,25.3,18.4,53,924.2,767,924.2,0,25,15.1,1376,25.3
1,2,2,yes,10/23/2021 15:30,25.1,18.2,53,924.2,767,924.2,0,24.6,14.8,1367,25
1,2,2,yes,10/23/2021 16:00,25,18.1,52.9,924.2,767,924.2,0,24.6,14.7,1364,25
1,2,2,yes,10/23/2021 16:30,25,18.1,52.7,924,768,924.1,0,24.6,14.7,1365,25
1,2,2,yes,10/23/2021 17:00,24.4,17.7,53.3,923.9,770,923.9,0,23.9,14.3,1345,24.4
1,2,2,yes,10/23/2021 17:30,24.1,17.5,53.5,923.9,769,923.9,0,23.7,14.1,1335,24.1
1,2,2,yes,10/23/2021 18:00,24,17.4,53.4,924.2,767,924.2,0,23.5,14,1328,24
1,2,2,yes,10/23/2021 18:30,24,17.3,53.3,924.2,766,924.3,0,23.5,13.9,1326,24
1,2,2,yes,10/23/2021 19:00,24,17.3,53.2,924.5,764,924.5,0,23.4,13.9,1322,23.9
1,2,2,yes,10/23/2021 19:30,23.8,17.1,52.7,924,769,924,0,23.2,13.6,1321,23.7
1,2,2,yes,10/23/2021 20:00,23.8,17,52.2,924.2,767,924.2,0,23.2,13.4,1316,23.7
1,2,2,yes,10/23/2021 20:30,23.7,16.9,52,924.5,763,924.6,0,23.1,13.3,1309,23.6
1,2,2,yes,10/23/2021 21:00,23.8,16.9,51.8,925,760,925.1,0,23.2,13.2,1306,23.7
1,2,2,yes,10/23/2021 21:30,23.7,16.9,51.5,925.5,755,925.5,0,23.1,13.2,1301,23.7
1,2,2,yes,10/23/2021 22:00,23.7,16.8,51.4,925.7,754,925.7,0,23.1,13.1,1298,23.7
1,2,2,yes,10/23/2021 22:30,23.7,16.8,51.2,925.5,754,925.6,0,23.1,13.1,1298,23.7
1,2,2,yes,10/23/2021 23:00,23.9,17,51.8,926,751,926,0,23.4,13.4,1302,23.9
1,2,2,yes,10/23/2021 23:30,24,17.2,52.1,926,751,926,0,23.5,13.6,1305,24
1,2,2,yes,10/24/2021 0:00,23.9,17.2,52.4,926.4,748,926.4,0,23.4,13.6,1298,23.9
1,2,2,yes,10/24/2021 0:30,20.7,15.1,57.2,926.2,748,926.3,0,20.1,11.9,1182,20.6
1,2,2,yes,10/24/2021 1:00,20.1,14.8,57.8,926.4,747,926.4,0,19.3,11.5,1158,20
1,2,2,yes,10/24/2021 1:30,20,14.7,57.6,926.4,748,926.4,0,19.2,11.4,1155,19.9
1,2,2,yes,10/24/2021 2:00,19.9,14.6,57.6,926.5,746,926.6,0,19,11.3,1148,19.8
1,2,2,yes,10/24/2021 2:30,19.2,14,58.5,926.5,746,926.6,0,18.2,10.9,1124,19.2
1,2,2,yes,10/24/2021 3:00,18.3,13.5,59.9,926.4,747,926.4,0,17,10.4,1094,18.3
1,2,2,yes,10/24/2021 3:30,17.1,12.7,62,926.5,745,926.6,0,16,9.8,1048,17.1
1,2,2,yes,10/24/2021 4:00,15.9,11.9,64.4,926.5,746,926.5,0,15,9.2,1003,15.9
1,2,2,yes,10/24/2021 4:30,14.6,11.1,66.9,926.7,745,926.6,0,13.8,8.6,956,14.6
1,2,2,yes,10/24/2021 5:00,13.8,10.6,68.6,927.2,740,927.2,0,13.1,8.2,919,13.8
1,2,2,yes,10/24/2021 5:30,13.6,10.4,69,927.5,737,927.6,0,12.9,8,906,13.5
1,2,2,yes,10/24/2021 6:00,13.5,10.4,68.8,927.7,736,927.7,0,12.9,7.9,902,13.5
1,2,2,yes,10/24/2021 6:30,13.7,10.5,68.8,927.5,738,927.5,0,13,8.1,911,13.7
1,2,2,yes,10/24/2021 7:00,13.7,10.6,69.5,927.7,735,927.8,0,13.1,8.3,909,13.7
1,2,2,yes,10/24/2021 7:30,15.3,11.8,67.1,928,732,928.1,0,14.5,9.2,965,15.3
1,2,2,yes,10/24/2021 8:00,17.7,13.2,62.6,928.2,730,928.3,0,16.5,10.4,1050,17.6
1,2,2,yes,10/24/2021 8:30,18.9,14.1,60.4,928.7,727,928.6,0,17.9,11.1,1092,18.9
1,2,2,yes,10/24/2021 9:00,19.6,14.6,59.9,928.7,726,928.7,0,18.6,11.6,1116,19.5
1,2,2,yes,10/24/2021 9:30,21,15.6,58.1,928.7,727,928.7,0,20.7,12.5,1170,21
1,2,2,yes,10/24/2021 10:00,22.9,16.8,55.5,928.7,726,928.8,0,22.7,13.6,1238,22.9
1,2,2,yes,10/24/2021 10:30,24.5,17.8,53.8,928.7,727,928.7,0,24.1,14.5,1298,24.5
1,2,2,yes,10/24/2021 11:00,26,18.8,51.8,928.5,728,928.6,0,25.9,15.3,1353,26
1,2,2,yes,10/24/2021 11:30,26.8,19.4,51.2,928.4,730,928.4,0,26.9,15.9,1384,26.8
1,2,2,yes,10/24/2021 12:00,27.5,19.8,50.5,928,732,928,0,27.7,16.3,1415,27.5
1,2,2,yes,10/24/2021 12:30,27.4,19.9,50.9,927.7,736,927.7,0,27.7,16.4,1415,27.4
1,2,2,yes,10/24/2021 13:00,27.3,19.8,51.3,927,740,927.1,0,27.5,16.4,1417,27.3
1,2,2,yes,10/24/2021 13:30,27.1,19.8,52.1,926.7,745,926.7,0,27.2,16.4,1414,27
1,2,2,yes,10/24/2021 14:00,26.6,19.4,52.6,926.5,747,926.5,0,26.8,16.1,1400,26.6
1,2,2,yes,10/24/2021 14:30,26,19.1,53.4,926.4,747,926.4,0,25.8,15.8,1377,25.9
1,2,2,yes,10/24/2021 15:00,25.4,18.6,53.7,926.2,748,926.3,0,25.1,15.3,1357,25.3
1,2,2,yes,10/24/2021 15:30,25.1,18.4,53.8,926.4,748,926.4,0,24.8,15.1,1347,25.1
1,2,2,yes,10/24/2021 16:00,25,18.2,53.4,926.4,747,926.4,0,24.7,14.9,1342,25
1,2,2,yes,10/24/2021 16:30,25,18.2,53.2,926.4,747,926.4,0,24.6,14.8,1342,25
1,2,2,yes,10/24/2021 17:00,24.4,17.7,53.8,926.2,748,926.3,0,23.9,14.4,1319,24.3
1,2,2,yes,10/24/2021 17:30,24.1,17.5,54,926.2,748,926.3,0,23.7,14.2,1309,24.1
1,2,2,yes,10/24/2021 18:00,24.1,17.5,53.9,926.7,745,926.7,0,23.7,14.2,1304,24.1
1,2,2,yes,10/24/2021 18:30,24.1,17.5,54,926.9,742,926.9,0,23.6,14.2,1300,24
1,2,2,yes,10/24/2021 19:00,24,17.4,54,927.2,739,927.3,0,23.6,14.1,1294,24
1,2,2,yes,10/24/2021 19:30,23.8,17.2,53.6,927.5,737,927.6,0,23.4,13.8,1282,23.8
1,2,2,yes,10/24/2021 20:00,23.8,17.1,53.1,927.7,735,927.7,0,23.2,13.6,1278,23.7
1,2,2,yes,10/24/2021 20:30,23.8,17.1,52.8,927.7,735,927.8,0,23.2,13.6,1278,23.7
1,2,2,yes,10/24/2021 21:00,23.8,17.1,52.6,928.2,732,928.2,0,23.2,13.5,1273,23.7
1,2,2,yes,10/24/2021 21:30,23.8,17.1,52.5,928.4,729,928.4,0,23.2,13.5,1271,23.7
1,2,2,yes,10/24/2021 22:00,23.8,17,52.3,928.5,728,928.6,0,23.2,13.4,1267,23.7
1,2,2,yes,10/24/2021 22:30,23.8,17,52.1,928.7,726,928.8,0,23.2,13.3,1265,23.7
1,2,2,yes,10/24/2021 23:00,24,17.3,52.6,928.7,726,928.8,0,23.5,13.7,1276,24
1,2,2,yes,10/24/2021 23:30,24,17.3,52.5,928.9,726,928.9,0,23.5,13.7,1276,24
1,2,2,yes,10/25/2021 0:00,24,17.3,52.6,928.7,726,928.8,0,23.5,13.7,1276,24
1,2,2,yes,10/25/2021 0:30,20.8,15.2,57.4,929,724,929.1,0,20.2,12,1153,20.7
1,2,2,yes,10/25/2021 1:00,20.1,14.8,58.2,929.2,722,929.2,0,19.5,11.6,1128,20.1
1,2,2,yes,10/25/2021 1:30,19.9,14.7,57.9,929.2,721,929.3,0,19.2,11.4,1122,19.9
1,2,2,yes,10/25/2021 2:00,19.9,14.6,57.6,929.2,721,929.3,0,19.2,11.3,1120,19.9
1,2,2,yes,10/25/2021 2:30,19.3,14.1,58.5,929.2,722,929.3,0,18.2,10.9,1096,19.2
1,2,2,yes,10/25/2021 3:00,18.3,13.5,60,928.9,726,928.9,0,17.1,10.4,1066,18.3
1,2,2,yes,10/25/2021 3:30,17.2,12.8,62.2,928.7,726,928.7,0,16,9.9,1025,17.1
1,2,2,yes,10/25/2021 4:00,15.9,12,64.5,928.7,726,928.8,0,15,9.2,980,15.9
1,2,2,yes,10/25/2021 4:30,14.7,11.2,67,928.7,726,928.7,0,13.8,8.6,933,14.6
1,2,2,yes,10/25/2021 5:00,13.8,10.7,69,928.7,726,928.7,0,13.1,8.2,903,13.8
1,2,2,yes,10/25/2021 5:30,13.6,10.5,69.7,928.7,726,928.8,0,13,8.2,894,13.6
1,2,2,yes,10/25/2021 6:00,13.6,10.5,69.4,929,724,929,0,12.9,8.1,891,13.5
1,2,2,yes,10/25/2021 6:30,13.8,10.7,69.5,929,724,929,0,13.1,8.3,898,13.7
1,2,2,yes,10/25/2021 7:00,13.7,10.6,70.1,929.2,721,929.3,0,13.1,8.4,893,13.7
1,2,2,yes,10/25/2021 7:30,15.3,11.8,67.7,929.5,720,929.5,0,14.6,9.4,952,15.3
1,2,2,yes,10/25/2021 8:00,17.6,13.4,63.1,929.5,718,929.6,0,16.5,10.6,1035,17.6
1,2,2,yes,10/25/2021 8:30,19,14.2,60.8,929.5,720,929.5,0,17.9,11.2,1085,18.9
1,2,2,yes,10/25/2021 9:00,19.6,14.7,60.2,929.4,720,929.4,0,18.7,11.7,1108,19.5
1,2,2,yes,10/25/2021 9:30,21.1,15.7,58.4,929.2,723,929.2,0,20.7,12.6,1166,21
1,2,2,yes,10/25/2021 10:00,23,16.9,55.8,928.7,726,928.8,0,22.7,13.7,1239,22.9
1,2,2,yes,10/25/2021 10:30,24.5,17.9,54,928.5,728,928.6,0,24.1,14.6,1300,24.5
1,2,2,yes,10/25/2021 11:00,26,18.9,52.5,928.2,730,928.3,0,25.9,15.6,1357,26
1,2,2,yes,10/25/2021 11:30,26.8,19.5,52.1,927.7,735,927.7,0,27,16.2,1394,26.8
1,2,2,yes,10/25/2021 12:00,27.5,20,51.6,927.2,740,927.2,0,27.7,16.6,1424,27.4
1,2,2,yes,10/25/2021 12:30,27.5,20.1,51.9,926.2,748,926.3,0,27.9,16.8,1435,27.5
1,2,2,yes,10/25/2021 13:00,27.2,19.9,52.2,925.9,752,925.9,0,27.5,16.6,1430,27.2
1,2,2,yes,10/25/2021 13:30,27.1,19.8,52.2,925.4,756,925.4,0,27.2,16.4,1428,27
1,2,2,yes,10/25/2021 14:00,26.5,19.4,53.1,924.9,760,924.9,0,26.6,16.2,1415,26.5
1,2,2,yes,10/25/2021 14:30,26,19.1,53.8,924.5,764,924.6,0,25.9,15.9,1398,25.9
1,2,2,yes,10/25/2021 15:00,25.3,18.7,54.3,924.4,765,924.4,0,25.1,15.5,1376,25.3
1,2,2,yes,10/25/2021 15:30,25.1,18.5,54.3,924.2,767,924.2,0,24.8,15.2,1371,25.1
1,2,2,yes,10/25/2021 16:00,25,18.3,53.8,924,768,924,0,24.7,15,1369,25
1,2,2,yes,10/25/2021 16:30,25,18.2,53.5,923.9,770,923.9,0,24.7,14.9,1368,25
1,2,2,yes,10/25/2021 17:00,24.4,17.8,54.2,924,768,924,0,24,14.6,1345,24.4
1,2,2,yes,10/25/2021 17:30,24.1,17.7,55,924,768,924,0,23.8,14.5,1336,24.1
1,2,2,yes,10/25/2021 18:00,24.1,17.7,55.6,924.2,767,924.2,0,23.7,14.6,1332,24
1,2,2,yes,10/25/2021 18:30,24,17.8,55.8,924.5,764,924.6,0,23.7,14.7,1327,24
1,2,2,yes,10/25/2021 19:00,24.1,17.7,55.5,924.5,763,924.6,0,23.7,14.6,1328,24
1,2,2,yes,10/25/2021 19:30,23.8,17.4,55.1,924.7,762,924.8,0,23.5,14.2,1314,23.8
1,2,2,yes,10/25/2021 20:00,23.8,17.4,54.4,924.7,762,924.8,0,23.4,14.1,1314,23.8
1,2,2,yes,10/25/2021 20:30,23.8,17.3,54.3,924.9,761,924.9,0,23.3,14,1312,23.7
1,2,2,yes,10/25/2021 21:00,23.8,17.3,54.2,924.9,760,924.9,0,23.3,14,1312,23.7
1,2,2,yes,10/25/2021 21:30,23.8,17.3,54,925.4,757,925.4,0,23.3,13.9,1306,23.7
1,2,2,yes,10/25/2021 22:00,23.8,17.3,53.9,925.2,757,925.3,0,23.3,13.9,1307,23.7
1,2,2,yes,10/25/2021 22:30,23.8,17.3,54,925.7,754,925.7,0,23.3,13.9,1303,23.7
1,2,2,yes,10/25/2021 23:00,24,17.6,54.8,925.5,754,925.6,0,23.6,14.4,1314,24
1,2,2,yes,10/25/2021 23:30,24,17.7,55.6,925.7,752,925.8,0,23.7,14.6,1313,24
1,2,2,yes,10/26/2021 0:00,24.1,17.8,56,926,752,926,0,23.7,14.7,1312,24
1,2,2,yes,10/26/2021 0:30,20.8,15.9,62,926.5,746,926.5,0,20.5,13.2,1187,20.7
1,2,2,yes,10/26/2021 1:00,20.2,15.6,63.5,926.4,748,926.4,0,19.7,13,1167,20.1
1,2,2,yes,10/26/2021 1:30,20,15.5,64,926.2,750,926.2,0,19.5,13,1163,19.9
1,2,2,yes,10/26/2021 2:00,19.9,15.5,64.1,926,752,926,0,19.5,13,1163,19.9
1,2,2,yes,10/26/2021 2:30,19.3,15,65.2,926.2,749,926.2,0,18.5,12.6,1138,19.3
1,2,2,yes,10/26/2021 3:00,18.3,14.4,67.2,926.5,746,926.5,0,17.4,12.1,1098,18.3
1,2,2,yes,10/26/2021 3:30,17.2,13.7,69,926.2,748,926.3,0,16.4,11.5,1061,17.2
1,2,2,yes,10/26/2021 4:00,15.9,12.8,70.8,926.7,744,926.7,0,15.2,10.7,1007,15.9
1,2,2,yes,10/26/2021 4:30,14.6,11.9,73.7,926.7,745,926.7,0,14.2,10,960,14.6
1,2,2,yes,10/26/2021 5:00,13.8,11.4,76.6,926.7,745,926.7,0,13.4,9.8,930,13.8
1,2,2,yes,10/26/2021 5:30,13.6,11.3,77.7,926.7,743,926.8,0,13.3,9.8,922,13.6
1,2,2,yes,10/26/2021 6:00,13.6,11.4,78.4,927,740,927.1,0,13.2,9.9,918,13.5
1,2,2,yes,10/26/2021 6:30,13.7,11.5,78.5,927.2,739,927.3,0,13.3,10,919,13.7
1,2,2,yes,10/26/2021 7:00,13.7,11.6,79,927.5,737,927.6,0,13.5,10.1,917,13.7
1,2,2,yes,10/26/2021 7:30,15.3,13,77.8,928.2,732,928.2,0,15,11.5,973,15.3
1,2,2,yes,10/26/2021 8:00,17.7,14.6,73,928.9,724,928.9,0,17,12.8,1052,17.6
1,2,2,yes,10/26/2021 8:30,18.9,15.2,69.1,929.2,722,929.2,0,18.3,13.1,1094,18.9
1,2,2,yes,10/26/2021 9:00,19.5,15.6,67.4,929.5,718,929.6,0,19,13.3,1112,19.5
1,2,2,yes,10/26/2021 9:30,21.1,16.7,64.8,929.5,720,929.5,0,21.1,14.2,1172,21.1
1,2,2,yes,10/26/2021 10:00,23,17.7,60.9,929.7,718,929.6,0,22.9,15,1236,22.9
1,2,2,yes,10/26/2021 10:30,24.6,18.5,57.5,929.7,716,929.8,0,24.3,15.6,1292,24.5
1,2,2,yes,10/26/2021 11:00,26,19.3,54.6,929.7,718,929.7,0,26.1,16.1,1345,26
1,2,2,yes,10/26/2021 11:30,26.9,19.8,53,929.7,717,929.7,0,27.2,16.6,1378,26.9
1,2,2,yes,10/26/2021 12:00,27.5,20.1,52.2,929.5,718,929.6,0,27.8,16.8,1398,27.4
1,2,2,yes,10/26/2021 12:30,27.6,20.1,52,929.4,721,929.4,0,27.9,16.8,1404,27.5
1,2,2,yes,10/26/2021 13:00,27.4,20,52.1,929.2,723,929.1,0,27.6,16.7,1399,27.3
1,2,2,yes,10/26/2021 13:30,27.1,19.8,52.1,929,724,929,0,27.4,16.4,1390,27.1
1,2,2,yes,10/26/2021 14:00,26.5,19.4,52.7,929,724,929,0,26.6,16.1,1370,26.5
1,2,2,yes,10/26/2021 14:30,26,18.9,52.8,929,724,929,0,25.8,15.6,1349,25.9
1,2,2,yes,10/26/2021 15:00,25.4,18.5,53.1,929.2,723,929.1,0,25,15.1,1325,25.3
1,2,2,yes,10/26/2021 15:30,25.1,18.2,53,929.2,723,929.1,0,24.7,14.9,1316,25.1
1,2,2,yes,10/26/2021 16:00,25.1,18.1,52.5,929.2,722,929.2,0,24.6,14.7,1312,25
1,2,2,yes,10/26/2021 16:30,25.1,18,51.9,929.4,721,929.4,0,24.6,14.5,1309,25
1,2,2,yes,10/26/2021 17:00,24.4,17.6,52.5,929.7,717,929.8,0,23.9,14.1,1282,24.4
1,2,2,yes,10/26/2021 17:30,24.2,17.4,52.2,930,714,930.1,0,23.6,13.8,1267,24.1
1,2,2,yes,10/26/2021 18:00,24.1,17.2,51.7,930.2,712,930.3,0,23.5,13.6,1263,24.1
1,2,2,yes,10/26/2021 18:30,24.1,17.1,51.2,930.7,709,930.7,0,23.5,13.4,1257,24.1
1,2,2,yes,10/26/2021 19:00,24.1,17,50.8,931.2,704,931.2,0,23.4,13.2,1249,24
1,2,2,yes,10/26/2021 19:30,23.8,16.8,50.4,931.2,704,931.2,0,23.2,12.9,1238,23.8
1,2,2,yes,10/26/2021 20:00,23.8,16.6,49.4,931.5,702,931.5,0,23.1,12.6,1234,23.8
1,2,2,yes,10/26/2021 20:30,23.8,16.5,48.9,932,698,932,0,23.1,12.4,1228,23.8
1,2,2,yes,10/26/2021 21:00,23.8,16.4,48.5,932,698,932,0,23.1,12.3,1229,23.8
1,2,2,yes,10/26/2021 21:30,23.8,16.4,48.3,932.2,695,932.2,0,23,12.2,1224,23.7
1,2,2,yes,10/26/2021 22:00,23.8,16.3,47.9,932.2,694,932.3,0,23,12.1,1222,23.7
1,2,2,yes,10/26/2021 22:30,23.8,16.3,47.5,932.7,691,932.7,0,22.9,11.9,1217,23.7
1,2,2,yes,10/26/2021 23:00,24,16.5,48.1,932.7,692,932.7,0,23.2,12.3,1225,23.9
1,2,2,yes,10/26/2021 23:30,24,16.5,48.1,932.7,691,932.7,0,23.2,12.4,1228,24
1,2,2,yes,10/27/2021 0:00,24,16.5,48.1,932.7,692,932.7,0,23.2,12.3,1225,23.9
1,2,2,yes,10/27/2021 0:30,20.5,14.4,52.7,932.9,690,932.9,0,19.8,10.6,1100,20.5
1,2,2,yes,10/27/2021 1:00,20,14,52.7,933,688,933,0,19.1,10.1,1080,20
1,2,2,yes,10/27/2021 1:30,19.9,13.7,52.3,933,689,933,0,18.7,9.8,1073,19.8
1,2,2,yes,10/27/2021 2:00,19.8,13.6,51.9,933.2,686,933.2,0,18.7,9.7,1069,19.8
1,2,2,yes,10/27/2021 2:30,19.1,13.1,52.6,933,688,933.1,0,17.8,9.2,1044,19.1
1,2,2,yes,10/27/2021 3:00,18.3,12.6,53.6,933,689,933,0,16.6,8.7,1014,18.2
1,2,2,yes,10/27/2021 3:30,17.1,11.9,55.2,933,688,933.1,0,15.6,8.1,970,17.1
1,2,2,yes,10/27/2021 4:00,15.9,11.1,57.2,933.5,684,933.5,0,14.5,7.4,919,15.8
1,2,2,yes,10/27/2021 4:30,14.5,10.2,59.3,933.5,683,933.6,0,13.4,6.7,869,14.5
1,2,2,yes,10/27/2021 5:00,13.7,9.6,60.5,934.2,678,934.1,0,12.8,6.2,833,13.7
1,2,2,yes,10/27/2021 5:30,13.6,9.5,60.4,934.2,676,934.3,0,12.6,6.1,826,13.5
1,2,2,yes,10/27/2021 6:00,13.5,9.4,59.9,934.2,676,934.3,0,12.5,5.9,824,13.5
1,2,2,yes,10/27/2021 6:30,13.7,9.6,60.2,934.5,674,934.6,0,12.8,6.2,828,13.7
1,2,2,yes,10/27/2021 7:00,13.7,9.7,60.6,935.2,669,935.2,0,12.8,6.2,822,13.7
1,2,2,yes,10/27/2021 7:30,15.4,10.7,57.6,935.5,667,935.5,0,14.1,7,879,15.3
1,2,2,yes,10/27/2021 8:00,17.7,12.2,53.8,935.9,662,935.9,0,16,8.2,960,17.6
1,2,2,yes,10/27/2021 8:30,19,13,52.1,936.2,660,936.2,0,17.4,8.9,1003,18.9
1,2,2,yes,10/27/2021 9:00,19.6,13.5,51.5,936.4,658,936.4,0,18.4,9.3,1025,19.6
1,2,2,yes,10/27/2021 9:30,21.1,14.4,49.7,936.2,660,936.2,0,20.5,10.2,1082,21.1
1,2,2,yes,10/27/2021 10:00,23,15.6,47.4,936.2,660,936.3,0,22.2,11.2,1147,22.9
1,2,2,yes,10/27/2021 10:30,24.6,16.8,46.5,936,661,936.1,0,23.6,12.4,1209,24.5
1,2,2,yes,10/27/2021 11:00,26,17.7,45.2,935.7,664,935.7,0,25.3,13.3,1267,26
1,2,2,yes,10/27/2021 11:30,26.9,18.1,44.2,935.5,666,935.5,0,26.2,13.6,1298,26.8
1,2,2,yes,10/27/2021 12:00,27.5,19.2,47.3,935,671,935,0,27.4,15.3,1332,27.5
1,2,2,yes,10/27/2021 12:30,27.6,19,45.9,934.4,676,934.4,0,27.3,14.9,1340,27.5
1,2,2,yes,10/27/2021 13:00,27.4,18.2,42,933.7,682,933.8,0,26.8,13.4,1334,27.4
1,2,2,yes,10/27/2021 13:30,27,19,47.8,933.4,684,933.4,0,26.8,15.1,1334,27
1,2,2,yes,10/27/2021 14:00,26.5,18.1,45.1,933,688,933.1,0,25.9,13.7,1314,26.5
1,2,2,yes,10/27/2021 14:30,25.9,17.7,45.7,932.9,690,932.9,0,25.2,13.3,1294,25.9
1,2,2,yes,10/27/2021 15:00,25.3,17.3,46.1,932.7,691,932.8,0,24.5,12.9,1273,25.3
1,2,2,yes,10/27/2021 15:30,25,17,46.2,932.7,692,932.6,0,24.1,12.7,1265,25
1,2,2,yes,10/27/2021 16:00,25,17,46.1,932.5,694,932.5,0,24.1,12.6,1265,25
1,2,2,yes,10/27/2021 16:30,25,16.9,45.6,932.4,694,932.4,0,24.1,12.5,1266,25
1,2,2,yes,10/27/2021 17:00,24.4,16.5,46.3,932.2,696,932.2,0,23.4,12.1,1244,24.3
1,2,2,yes,10/27/2021 17:30,24.1,16.2,46.2,932.2,694,932.3,0,23.2,11.8,1232,24.1
1,2,2,yes,10/27/2021 18:00,24.1,16,44.7,932.5,692,932.6,0,23.1,11.3,1227,24.1
1,2,2,yes,10/27/2021 18:30,24.1,15.9,44.2,932.5,692,932.6,0,23,11.1,1225,24
1,2,2,yes,10/27/2021 19:00,24.1,16.1,44.9,932.7,691,932.7,0,23,11.4,1225,24
1,2,2,yes,10/27/2021 19:30,23.9,15.9,45,932.7,690,932.8,0,22.9,11.2,1216,23.8
1,2,2,yes,10/27/2021 20:00,23.8,15.8,44.5,932.7,691,932.7,0,22.8,11,1215,23.7
1,2,2,yes,10/27/2021 20:30,23.8,15.7,44.2,932.7,690,932.8,0,22.8,10.9,1212,23.7
1,2,2,yes,10/27/2021 21:00,23.8,15.7,44,933,688,933,0,22.8,10.8,1209,23.7
1,2,2,yes,10/27/2021 21:30,23.8,15.6,43.6,933.2,686,933.2,0,22.9,10.7,1209,23.8
1,2,2,yes,10/27/2021 22:00,23.9,15.7,43.4,933.2,686,933.2,0,22.8,10.7,1210,23.8
1,2,2,yes,10/27/2021 22:30,23.8,15.6,43.2,933.2,685,933.4,0,22.8,10.6,1206,23.8
1,2,2,yes,10/27/2021 23:00,24.1,15.8,43.8,933.2,685,933.3,0,23,11,1217,24
1,2,2,yes,10/27/2021 23:30,24,15.8,44.3,933.2,686,933.3,0,23,11.1,1216,24
1,2,2,yes,10/28/2021 0:00,24,15.9,44.4,933.2,686,933.3,0,23,11.2,1215,24
1,2,2,yes,10/28/2021 0:30,20.7,13.9,48.6,933.2,686,933.2,0,19.9,9.5,1100,20.7
1,2,2,yes,10/28/2021 1:00,20.1,13.4,48.9,933.4,684,933.4,0,19,9,1074,20.1
1,2,2,yes,10/28/2021 1:30,20,13.3,48.4,933.2,686,933.3,0,18.7,8.8,1069,19.9
1,2,2,yes,10/28/2021 2:00,19.9,13.2,48,933.2,686,933.3,0,18.7,8.6,1067,19.9
1,2,2,yes,10/28/2021 2:30,19.2,12.8,48.6,933,687,933.1,0,17.7,8.2,1045,19.2
1,2,2,yes,10/28/2021 3:00,18.3,12.1,49.9,933,688,933,0,16.5,7.7,1012,18.3
1,2,2,yes,10/28/2021 3:30,17.1,11.3,51.3,932.9,689,932.9,0,15.5,7,968,17.1
1,2,2,yes,10/28/2021 4:00,15.9,10.6,53,932.7,690,932.8,0,14.5,6.4,926,15.9
1,2,2,yes,10/28/2021 4:30,14.6,9.7,55,933,688,933.1,0,13.3,5.6,874,14.5
1,2,2,yes,10/28/2021 5:00,13.8,9.1,56.1,933.2,687,933.2,0,12.6,5.2,843,13.8
1,2,2,yes,10/28/2021 5:30,13.6,9,55.9,933,688,933,0,12.3,5,838,13.5
1,2,2,yes,10/28/2021 6:00,13.5,8.8,55.5,933.2,686,933.3,0,12.3,4.8,831,13.5
1,2,2,yes,10/28/2021 6:30,13.7,9,55.7,933.4,685,933.4,0,12.4,5,836,13.6
1,2,2,yes,10/28/2021 7:00,13.7,9.1,56.2,933.2,685,933.4,0,12.5,5.2,838,13.7
1,2,2,yes,10/28/2021 7:30,15.3,10.2,53.6,933.5,684,933.6,0,13.9,6,896,15.3
1,2,2,yes,10/28/2021 8:00,17.7,11.7,50.1,934,679,934,0,15.9,7.2,979,17.7
1,2,2,yes,10/28/2021 8:30,18.9,12.5,48.7,934.2,678,934.2,0,17.2,7.9,1021,18.9
1,2,2,yes,10/28/2021 9:00,19.6,13,48.2,934.2,677,934.2,0,18.3,8.4,1047,19.6
1,2,2,yes,10/28/2021 9:30,21.1,13.9,46.7,934,679,934,0,20.4,9.3,1104,21.1
1,2,2,yes,10/28/2021 10:00,23.1,15.3,45.1,933.7,682,933.7,0,22.3,10.5,1178,23
1,2,2,yes,10/28/2021 10:30,24.6,16.4,44.2,933.5,684,933.5,0,23.6,11.7,1237,24.6
1,2,2,yes,10/28/2021 11:00,26.1,18.4,49.6,933.2,686,933.2,0,25.7,14.7,1302,26
1,2,2,yes,10/28/2021 11:30,27,18.5,45.7,932.9,690,932.9,0,26.6,14.3,1336,27
1,2,2,yes,10/28/2021 12:00,27.5,18.5,43.3,932.4,694,932.4,0,27,13.9,1355,27.5
1,2,2,yes,10/28/2021 12:30,27.6,19.6,48.6,931.7,698,931.8,0,27.7,15.8,1374,27.6
1,2,2,yes,10/28/2021 13:00,27.3,17.9,41.3,931.4,703,931.4,0,26.5,13,1357,27.3
1,2,2,yes,10/28/2021 13:30,27.2,19.3,49.4,930.9,706,930.9,0,27.1,15.7,1368,27.1
1,2,2,yes,10/28/2021 14:00,26.3,17.8,44.9,930.5,709,930.6,0,25.5,13.4,1332,26.2
1,2,2,yes,10/28/2021 14:30,26.8,17.2,39.4,930.2,713,930.3,0,25.8,11.9,1346,26.8
1,2,2,yes,10/28/2021 15:00,26.1,17.3,43.2,929.9,716,929.9,0,25.1,12.6,1329,26
1,2,2,yes,10/28/2021 15:30,25.5,17.1,44.7,929.9,716,929.9,0,24.6,12.6,1311,25.5
1,2,2,yes,10/28/2021 16:00,25.5,16.7,42,929.7,717,929.7,0,24.5,11.7,1309,25.5
1,2,2,yes,10/28/2021 16:30,25.6,16.6,41.5,929.5,718,929.6,0,24.4,11.5,1310,25.5
1,2,2,yes,10/28/2021 17:00,24.9,16.9,46,929.5,719,929.6,0,24,12.5,1293,24.9
1,2,2,yes,10/28/2021 17:30,24.6,16.6,45.5,929.5,718,929.6,0,23.7,12.1,1281,24.6
1,2,2,yes,10/28/2021 18:00,24.6,16,42.5,929.7,717,929.7,0,23.4,11,1274,24.5
1,2,2,yes,10/28/2021 18:30,24.5,16.3,44,929.7,717,929.8,0,23.5,11.5,1274,24.5
1,2,2,yes,10/28/2021 19:00,24.4,16.9,48.3,930,715,930.1,0,23.6,12.8,1272,24.4
1,2,2,yes,10/28/2021 19:30,24,16.5,48.1,930,714,930.1,0,23.2,12.4,1255,24
1,2,2,yes,10/28/2021 20:00,23.9,16.1,45.8,930.2,713,930.3,0,23.1,11.6,1248,23.9
1,2,2,yes,10/28/2021 20:30,23.9,15.6,42.9,930.5,711,930.5,0,22.9,10.6,1242,23.9
1,2,2,yes,10/28/2021 21:00,23.9,16.2,47,930.5,709,930.6,0,23.1,11.9,1246,23.9
1,2,2,yes,10/28/2021 21:30,23.9,16.4,48.4,930.5,710,930.6,0,23.1,12.3,1245,23.8
1,2,2,yes,10/28/2021 22:00,24,16.1,45.8,930.7,708,930.8,0,23.1,11.6,1243,23.9
1,2,2,yes,10/28/2021 22:30,24,15.8,44.4,930.9,707,930.9,0,23,11.1,1242,24
1,2,2,yes,10/28/2021 23:00,24.5,15.6,40.7,930.5,710,930.5,0,23.2,10.3,1260,24.4
1,2,2,yes,10/28/2021 23:30,24.5,13.5,29.2,930.5,710,930.5,0,22.5,5.4,1245,24.4
1,3,2,yes,11/11/2021 0:00,24.4,16.6,46.9,932.5,692,932.5,0,23.6,12.3,1243,24.4
1,3,2,yes,11/11/2021 0:30,20.9,14.4,50.8,932.7,691,932.8,0,20.3,10.3,1112,20.9
1,3,2,yes,11/11/2021 1:00,20.2,14.2,53,932.5,692,932.6,0,19.4,10.4,1092,20.2
1,3,2,yes,11/11/2021 1:30,20.2,14,52.5,932.4,694,932.4,0,19.2,10.2,1091,20.1
1,3,2,yes,11/11/2021 2:00,20.1,13.8,51.1,932.5,694,932.5,0,19.1,9.7,1087,20.1
1,3,2,yes,11/11/2021 2:30,19.5,12,41.8,932.4,694,932.4,0,17.8,6.2,1055,19.5
1,3,2,yes,11/11/2021 3:00,18.5,11.9,47.1,932.5,692,932.6,0,16.6,7,1021,18.5
1,3,2,yes,11/11/2021 3:30,17.5,11.5,50.2,932.5,692,932.6,0,15.7,7,986,17.5
1,3,2,yes,11/11/2021 4:00,16.3,10.7,51.2,932.7,692,932.7,0,14.6,6.2,938,16.2
1,3,2,yes,11/11/2021 4:30,14.9,9.7,52.9,932.7,691,932.7,0,13.5,5.4,889,14.9
1,3,2,yes,11/11/2021 5:00,14.1,8.8,50.5,932.7,691,932.8,0,12.7,4,857,14.1
1,3,2,yes,11/11/2021 5:30,13.8,8.1,46.8,933,689,933,0,12.2,2.7,842,13.8
1,3,2,yes,11/11/2021 6:00,13.8,8.1,45.7,933.2,687,933.2,0,12.2,2.3,839,13.8
1,3,2,yes,11/11/2021 6:30,14.3,8.1,44.2,933.2,685,933.4,0,12.6,2.3,852,14.3
1,3,2,yes,11/11/2021 7:00,14.4,8.2,44,933.5,683,933.6,0,12.7,2.3,854,14.4
1,3,2,yes,11/11/2021 7:30,15.9,9.1,41.3,934,679,934,0,13.9,2.8,905,15.9
1,3,2,yes,11/11/2021 8:00,18.2,12,49.3,934.2,677,934.2,0,16.4,7.4,995,18.2
1,3,2,yes,11/11/2021 8:30,19.6,13.2,50.1,934.2,677,934.2,0,18.2,8.9,1046,19.5
1,3,2,yes,11/11/2021 9:00,20.2,13.5,48.5,934.2,678,934.1,0,19.1,9,1070,20.2
1,3,2,yes,11/11/2021 9:30,21.5,13,38.9,934,679,934,0,20.7,7,1111,21.5
1,3,2,yes,11/11/2021 10:00,23.3,16.5,51.5,934,678,934.1,0,22.7,12.8,1189,23.2
1,3,2,yes,11/11/2021 10:30,25,17.3,48.1,933.9,680,933.9,0,24.2,13.3,1253,25
1,3,2,yes,11/11/2021 11:00,25.5,17.3,45.1,933.5,684,933.6,0,24.7,12.8,1271,25.5
1,3,2,yes,11/11/2021 11:30,26.8,17.9,43.2,933,687,933.1,0,26.1,13.2,1321,26.8
1,3,2,yes,11/11/2021 12:00,28.6,19.8,45.5,932.5,692,932.6,0,28.8,15.7,1399,28.6
1,3,2,yes,11/11/2021 12:30,28.8,19.5,43.3,932,697,932,0,28.8,15.1,1408,28.8
1,3,2,yes,11/11/2021 13:00,28.1,20.3,50.6,931.5,700,931.6,0,28.6,16.9,1399,28.1
1,3,2,yes,11/11/2021 13:30,27.4,20.5,55.2,931.2,704,931.3,0,28,17.6,1380,27.3
1,3,2,yes,11/11/2021 14:00,26.9,20.1,55.1,931,706,931,0,27.3,17.1,1364,26.8
1,3,2,yes,11/11/2021 14:30,26.1,19.3,54.1,930.7,708,930.7,0,26.2,16.1,1336,26.1
1,3,2,yes,11/11/2021 15:00,25.5,18.8,54.2,930.5,710,930.6,0,25.4,15.6,1315,25.5
1,3,2,yes,11/11/2021 15:30,25,18.3,53.9,930.2,712,930.3,0,24.7,15,1299,25
1,3,2,yes,11/11/2021 16:00,24.5,17.5,51.8,930.2,713,930.3,0,23.9,13.9,1276,24.4
1,3,2,yes,11/11/2021 16:30,23.8,15.7,44.4,930.4,711,930.4,0,22.8,10.9,1238,23.7
1,3,2,yes,11/11/2021 17:00,23.5,15.1,42.2,930.4,711,930.4,0,22.5,9.9,1226,23.5
1,3,2,yes,11/11/2021 17:30,22.7,14.5,42.4,930.5,709,930.6,0,21.8,9.3,1195,22.7
1,3,2,yes,11/11/2021 18:00,21.6,13.9,43.6,930.9,706,930.9,0,20.9,8.8,1154,21.6
1,3,2,yes,11/11/2021 18:30,21.7,13.8,42.8,931.2,704,931.2,0,20.8,8.5,1150,21.6
1,3,2,yes,11/11/2021 19:00,21.2,13.5,43.5,931.4,702,931.4,0,20.3,8.3,1130,21.1
1,3,2,yes,11/11/2021 19:30,21.4,13.5,42.2,931.5,701,931.5,0,20.6,8.1,1138,21.4
1,3,2,yes,11/11/2021 20:00,21.2,14.5,49.2,931.5,700,931.6,0,20.6,10.2,1137,21.2
1,3,2,yes,11/11/2021 20:30,21.3,14,45.5,932,697,932.1,0,20.5,9.1,1130,21.3
1,3,2,yes,11/11/2021 21:00,21.4,13.5,41.6,932.2,694,932.3,0,20.6,7.9,1129,21.4
1,3,2,yes,11/11/2021 21:30,21.2,14.4,49.4,932.7,691,932.7,0,20.5,10.2,1121,21.1
1,3,2,yes,11/11/2021 22:00,21.2,14.4,49.4,932.7,691,932.8,0,20.5,10.2,1121,21.1
1,3,2,yes,11/11/2021 22:30,21.4,13.7,44,933,688,933.1,0,20.6,8.6,1120,21.3
1,3,2,yes,11/11/2021 23:00,21.4,13.4,42.1,933,688,933.1,0,20.5,7.9,1116,21.3
1,3,2,yes,11/11/2021 23:30,21.3,13.3,41.8,933.2,687,933.2,0,20.3,7.8,1113,21.3
1,3,2,yes,11/12/2021 0:00,21.1,13.3,42.2,933,687,933.1,0,20,7.8,1106,21
1,3,2,yes,11/12/2021 0:30,19.1,12.1,45.1,933.2,686,933.2,0,17.3,6.9,1033,19
1,3,2,yes,11/12/2021 1:00,19.3,12.1,43.9,933,687,933.1,0,17.6,6.8,1044,19.3
1,3,2,yes,11/12/2021 1:30,19.5,12.2,43,933,688,933.1,0,17.9,6.6,1049,19.5
1,3,2,yes,11/12/2021 2:00,19.1,11.9,43.5,933.2,686,933.2,0,17.3,6.4,1033,19.1
1,3,2,yes,11/12/2021 2:30,18.2,11.4,44.6,933,688,933.1,0,16.1,6,1004,18.2
1,3,2,yes,11/12/2021 3:00,17.3,10.8,45.9,933.2,686,933.3,0,15.4,5.6,968,17.3
1,3,2,yes,11/12/2021 3:30,16.8,10.5,46.4,933.2,685,933.3,0,14.9,5.3,950,16.8
1,3,2,yes,11/12/2021 4:00,16.1,10,47.5,933.7,683,933.7,0,14.4,5,919,16.1
1,3,2,yes,11/12/2021 4:30,15.7,9.7,48,933.5,684,933.5,0,13.9,4.7,905,15.6
1,3,2,yes,11/12/2021 5:00,15.3,9.5,48.4,933.7,682,933.8,0,13.7,4.5,889,15.3
1,3,2,yes,11/12/2021 5:30,14.6,9.1,49.8,933.9,680,933.9,0,13,4.2,861,14.5
1,3,2,yes,11/12/2021 6:00,13.8,8.5,50.9,934.2,678,934.1,0,12.5,3.8,831,13.8
1,3,2,yes,11/12/2021 6:30,14.7,9.1,49,934.5,676,934.5,0,13.2,4.1,860,14.7
1,3,2,yes,11/12/2021 7:00,15.5,9.5,47.5,934.7,674,934.7,0,13.8,4.4,887,15.5
1,3,2,yes,11/12/2021 7:30,16.5,10.1,45.6,934.7,672,934.8,0,14.6,4.8,921,16.5
1,3,2,yes,11/12/2021 8:00,17.6,10.7,43.7,935.2,668,935.2,0,15.5,5.2,957,17.6
1,3,2,yes,11/12/2021 8:30,19.3,11.6,40.5,935.5,667,935.5,0,17.4,5.6,1014,19.3
1,3,2,yes,11/12/2021 9:00,21.4,14.3,47,935.2,667,935.3,0,20.8,9.7,1101,21.4
1,3,2,yes,11/12/2021 9:30,23.5,15.5,44.1,935.5,667,935.5,0,22.6,10.6,1173,23.5
1,3,2,yes,11/12/2021 10:00,25,15.8,39.5,935.2,667,935.3,0,23.6,10.3,1224,24.9
1,3,2,yes,11/12/2021 10:30,25.3,18.1,51.3,935.2,669,935.1,0,24.9,14.5,1254,25.3
1,3,2,yes,11/12/2021 11:00,25.5,18.1,50,934.9,671,934.9,0,25,14.3,1263,25.5
1,3,2,yes,11/12/2021 11:30,27.3,18.8,46.1,934.5,675,934.6,0,26.9,14.7,1328,27.2
1,3,2,yes,11/12/2021 12:00,29.2,20,43.8,934,680,934,0,29.4,15.6,1404,29.2
1,3,2,yes,11/12/2021 12:30,28.9,19.8,44.7,933.5,684,933.6,0,29.1,15.7,1398,28.9
1,3,2,yes,11/12/2021 13:00,27.9,18.6,42.3,933,688,933,0,27.4,13.9,1361,27.9
1,3,2,yes,11/12/2021 13:30,27.1,19.4,49.6,932.5,692,932.6,0,27.1,15.7,1350,27.1
1,3,2,yes,11/12/2021 14:00,26.9,19.2,49.5,932.4,694,932.4,0,26.8,15.5,1343,26.9
1,3,2,yes,11/12/2021 14:30,26.1,18.7,50.4,932.2,695,932.2,0,25.9,15,1316,26.1
1,3,2,yes,11/12/2021 15:00,25.6,18.1,49.5,932.2,695,932.2,0,25,14.2,1294,25.5
1,3,2,yes,11/12/2021 15:30,24.9,16.1,41,932,696,932.1,0,23.7,10.8,1260,24.9
1,3,2,yes,11/12/2021 16:00,24.1,16.9,49.8,932,696,932.1,0,23.4,13,1239,24.1
1,3,2,yes,11/12/2021 16:30,23.6,16.4,49.8,932.2,696,932.2,0,23,12.5,1220,23.6
1,3,2,yes,11/12/2021 17:00,23.7,15.4,43,932.2,695,932.2,0,22.6,10.3,1214,23.6
1,3,2,yes,11/12/2021 17:30,22.6,14.4,42,932.5,692,932.5,0,21.6,9,1168,22.5
1,3,2,yes,11/12/2021 18:00,21.6,14.8,49.4,932.7,690,932.8,0,21.1,10.6,1137,21.6
1,3,2,yes,11/12/2021 18:30,21.8,14.5,46.4,932.7,691,932.7,0,21.2,9.8,1143,21.8
1,3,2,yes,11/12/2021 19:00,21.8,13.8,42.1,932.9,689,932.9,0,20.9,8.3,1134,21.7
1,3,2,yes,11/12/2021 19:30,21.4,13.4,41.8,933,688,933,0,20.5,7.9,1118,21.3
1,3,2,yes,11/12/2021 20:00,21.3,14.5,49.2,933.4,685,933.4,0,20.6,10.2,1119,21.3
1,3,2,yes,11/12/2021 20:30,21.2,14,46.8,933.5,684,933.5,0,20.4,9.4,1112,21.1
1,3,2,yes,11/12/2021 21:00,21.3,13.3,41.5,933.7,683,933.7,0,20.3,7.7,1108,21.2
1,3,2,yes,11/12/2021 21:30,21,14.3,49.2,933.9,680,933.9,0,20.3,10,1102,21
1,3,2,yes,11/12/2021 22:00,21.5,14.3,47.4,934,680,934,0,20.8,9.8,1116,21.4
1,3,2,yes,11/12/2021 22:30,21.2,13.4,42.2,934,679,934,0,20.3,7.9,1102,21.2
1,3,2,yes,11/12/2021 23:00,21.5,13.3,40.6,934,680,934,0,20.7,7.6,1113,21.5
1,3,2,yes,11/12/2021 23:30,21.4,13.2,40.7,934,679,934,0,20.5,7.5,1108,21.4
1,3,2,yes,11/13/2021 0:00,21.2,13.1,41,934,679,934.1,0,20.3,7.4,1100,21.2
1,3,2,yes,11/13/2021 0:30,19.4,12.1,43.4,934,679,934,0,17.8,6.7,1036,19.4
1,3,2,yes,11/13/2021 1:00,19.3,12,42.9,934,680,934,0,17.5,6.4,1031,19.2
1,3,2,yes,11/13/2021 1:30,19.4,11.9,42.2,933.9,680,933.9,0,17.5,6.2,1034,19.3
1,3,2,yes,11/13/2021 2:00,19.4,12.6,46.9,934,679,934.1,0,17.9,7.8,1038,19.4
1,3,2,yes,11/13/2021 2:30,18.4,12.4,51.4,934,679,934.1,0,16.6,8.2,1004,18.3
1,3,2,yes,11/13/2021 3:00,17.6,11.1,46.5,934,679,934.1,0,15.5,6,968,17.5
1,3,2,yes,11/13/2021 3:30,16.9,10.4,45.3,934,679,934,0,15,5,945,16.9
1,3,2,yes,11/13/2021 4:00,16.3,10,45.8,934,679,934,0,14.5,4.6,922,16.3
1,3,2,yes,11/13/2021 4:30,15.6,9.5,47.1,934,680,934,0,13.8,4.3,895,15.5
1,3,2,yes,11/13/2021 5:00,15.2,9.3,47,934,679,934.1,0,13.6,4,882,15.2
1,3,2,yes,11/13/2021 5:30,14.7,8.9,47.5,934.2,678,934.2,0,13.1,3.7,862,14.7
1,3,2,yes,11/13/2021 6:00,13.7,8.2,49.4,934.2,677,934.2,0,12.3,3.3,825,13.7
1,3,2,yes,11/13/2021 6:30,14.8,8.9,46.8,934.2,676,934.3,0,13.1,3.6,865,14.8
1,3,2,yes,11/13/2021 7:00,15.6,9.4,45.5,934.7,673,934.8,0,13.8,3.9,886,15.5
1,3,2,yes,11/13/2021 7:30,16.5,10,43.9,935,670,935.1,0,14.6,4.2,918,16.5
1,3,2,yes,11/13/2021 8:00,17.6,10.5,42.2,935.2,667,935.3,0,15.3,4.6,952,17.5
1,3,2,yes,11/13/2021 8:30,19.2,12.1,43.9,935.4,667,935.4,0,17.5,6.7,1015,19.2
1,3,2,yes,11/13/2021 9:00,21.5,14.2,46.3,935.4,667,935.4,0,21,9.5,1102,21.5
1,3,2,yes,11/13/2021 9:30,23.5,15.2,42.7,935.2,669,935.2,0,22.4,10.1,1174,23.4
1,3,2,yes,11/13/2021 10:00,25,17.1,46.6,935,670,935.1,0,24.1,12.8,1238,25
1,3,2,yes,11/13/2021 10:30,25.5,18.1,50.1,934.9,672,934.9,0,25.1,14.4,1264,25.5
1,3,2,yes,11/13/2021 11:00,25.4,17.9,49.2,934.5,675,934.6,0,24.9,14,1262,25.4
1,3,2,yes,11/13/2021 11:30,27.2,18.8,46,934.2,677,934.2,0,26.9,14.6,1330,27.2
1,3,2,yes,11/13/2021 12:00,29.4,20,43.2,933.7,682,933.7,0,29.7,15.6,1412,29.4
1,3,2,yes,11/13/2021 12:30,28.9,19.1,41.1,933.2,686,933.2,0,28.6,14.3,1393,28.8
1,3,2,yes,11/13/2021 13:00,27.7,19.5,47.9,932.7,691,932.8,0,27.7,15.7,1365,27.7
1,3,2,yes,11/13/2021 13:30,27.2,19.2,48.1,932.5,692,932.5,0,27.1,15.3,1352,27.2
1,3,2,yes,11/13/2021 14:00,26.7,18.8,48.7,932,696,932.1,0,26.5,15,1337,26.7
1,3,2,yes,11/13/2021 14:30,26.3,18.5,49,932,697,932,0,25.9,14.7,1322,26.2
1,3,2,yes,11/13/2021 15:00,25.7,18.1,49.3,931.7,698,931.9,0,25.1,14.2,1300,25.6
1,3,2,yes,11/13/2021 15:30,25.2,17.7,49.5,932,698,932,0,24.5,13.9,1281,25.1
1,3,2,yes,11/13/2021 16:00,24.4,17,49.2,931.7,700,931.8,0,23.6,13,1251,24.3
1,3,2,yes,11/13/2021 16:30,23.9,15.1,40.2,931.9,698,931.9,0,22.7,9.6,1220,23.8
1,3,2,yes,11/13/2021 17:00,23.5,16.1,48.4,932,697,932.1,0,22.8,12,1215,23.5
1,3,2,yes,11/13/2021 17:30,22.8,15.8,49.9,932.2,694,932.3,0,22.1,11.8,1188,22.7
1,3,2,yes,11/13/2021 18:00,21.8,15.1,50.9,932.5,692,932.5,0,21.4,11.2,1150,21.8
1,3,2,yes,11/13/2021 18:30,21.7,13.7,41.9,932.7,690,932.8,0,20.8,8.2,1133,21.6
1,3,2,yes,11/13/2021 19:00,21.6,14.6,48,933,688,933,0,21.1,10.1,1134,21.6
1,3,2,yes,11/13/2021 19:30,21.6,14.8,49.2,933.2,686,933.2,0,21.1,10.5,1133,21.6
1,3,2,yes,11/13/2021 20:00,21.3,13.6,43.6,933.5,684,933.5,0,20.6,8.4,1113,21.3
1,3,2,yes,11/13/2021 20:30,21.2,14.5,48.8,933.7,682,933.8,0,20.6,10.1,1113,21.2
1,3,2,yes,11/13/2021 21:00,21.4,14.4,48.4,934,680,934,0,20.8,10,1113,21.3
1,3,2,yes,11/13/2021 21:30,21.4,14,45.7,934.4,676,934.4,0,20.8,9.2,1109,21.4
1,3,2,yes,11/13/2021 22:00,21.3,13.5,43,934.7,674,934.6,0,20.6,8.2,1101,21.3
1,3,2,yes,11/13/2021 22:30,21.4,14.4,48,934.7,674,934.7,0,20.9,10,1108,21.4
1,3,2,yes,11/13/2021 23:00,21.5,14.4,47.4,934.5,674,934.6,0,21,9.8,1112,21.5
1,3,2,yes,11/13/2021 23:30,21.6,14.5,47.2,934.7,674,934.7,0,21,9.9,1113,21.5
1,3,2,yes,11/14/2021 0:00,21.5,14,45,934.7,673,934.8,0,20.9,9.1,1108,21.5
1,3,2,yes,11/14/2021 0:30,19.6,12.1,41.8,934.7,673,934.7,0,17.8,6.3,1033,19.5
1,3,2,yes,11/14/2021 1:00,19.4,12.7,47.8,934.7,673,934.8,0,18,8.1,1032,19.4
1,3,2,yes,11/14/2021 1:30,19.4,13,49.8,934.7,673,934.8,0,17.9,8.6,1032,19.3
1,3,2,yes,11/14/2021 2:00,19.5,12,42.1,934.7,672,934.9,0,17.8,6.3,1028,19.5
1,3,2,yes,11/14/2021 2:30,18.3,12.1,49.8,934.7,674,934.6,0,16.4,7.6,993,18.2
1,3,2,yes,11/14/2021 3:00,17.6,11.9,52.2,934.9,671,934.9,0,15.9,7.7,966,17.6
1,3,2,yes,11/14/2021 3:30,16.8,10.8,49.2,935.2,669,935.2,0,15,6.1,929,16.7
1,3,2,yes,11/14/2021 4:00,16.2,9.8,45.1,935.2,669,935.2,0,14.3,4.3,903,16.1
1,3,2,yes,11/14/2021 4:30,15.6,9.3,45.2,935,670,935,0,13.8,3.8,884,15.6
1,3,2,yes,11/14/2021 5:00,15.7,9.3,44.4,935.2,669,935.2,0,13.8,3.6,886,15.7
1,3,2,yes,11/14/2021 5:30,14.5,8.5,46.3,935,669,935.1,0,12.9,3.1,843,14.5
1,3,2,yes,11/14/2021 6:00,13.7,8.1,47.5,935.2,668,935.3,0,12.2,2.8,812,13.7
1,3,2,yes,11/14/2021 6:30,14.6,8.6,45.8,935.2,667,935.4,0,13,3.1,842,14.6
1,3,2,yes,11/14/2021 7:00,15.8,9.3,43.6,935.7,665,935.7,0,13.9,3.5,884,15.8
1,3,2,yes,11/14/2021 7:30,16.6,9.8,42.5,936.2,659,936.3,0,14.6,3.8,906,16.6
1,3,2,yes,11/14/2021 8:00,17.4,10.3,41.5,936.4,658,936.4,0,15.3,4.2,934,17.4
1,3,2,yes,11/14/2021 8:30,19.5,12.7,46.8,936.5,656,936.6,0,18,7.8,1014,19.5
1,3,2,yes,11/14/2021 9:00,21.6,13.9,43.8,936.7,656,936.7,0,20.9,8.8,1090,21.6
1,3,2,yes,11/14/2021 9:30,23.5,15.7,45.6,936.5,657,936.5,0,22.6,11.1,1163,23.4
1,3,2,yes,11/14/2021 10:00,25,17.6,49.8,936.5,657,936.5,0,24.2,13.8,1224,24.9
1,3,2,yes,11/14/2021 10:30,25.8,18,48,936.5,657,936.5,0,25.1,14,1253,25.8
1,3,2,yes,11/14/2021 11:00,25.5,17.8,48.4,936,660,936.1,0,24.9,13.8,1247,25.5
1,3,2,yes,11/14/2021 11:30,27.3,18.7,45.2,935.5,666,935.6,0,26.9,14.4,1316,27.3
1,3,2,yes,11/14/2021 12:00,29.4,20.4,45.5,934.7,673,934.8,0,30,16.4,1404,29.4
1,3,2,yes,11/14/2021 12:30,28.8,20.3,47.4,934.2,678,934.2,0,29.3,16.5,1391,28.8
1,3,2,yes,11/14/2021 13:00,28.2,19.8,47.1,933.7,682,933.8,0,28.3,15.9,1372,28.2
1,3,2,yes,11/14/2021 13:30,27.3,19.2,48.2,933.2,685,933.3,0,27.1,15.4,1344,27.2
1,3,2,yes,11/14/2021 14:00,27,18.8,47.3,933,689,933,0,26.7,14.9,1337,27
1,3,2,yes,11/14/2021 14:30,26.4,18.1,46.2,932.7,692,932.7,0,25.9,13.9,1315,26.4
1,3,2,yes,11/14/2021 15:00,25.7,17.2,44.5,932.4,694,932.4,0,24.7,12.7,1288,25.6
1,3,2,yes,11/14/2021 15:30,24.8,17.7,51,932.5,694,932.5,0,24.1,14,1262,24.7
1,3,2,yes,11/14/2021 16:00,24.4,17.2,50.2,932.2,694,932.4,0,23.7,13.3,1247,24.3
1,3,2,yes,11/14/2021 16:30,23.7,16.7,50.7,932.2,695,932.3,0,23.1,12.9,1225,23.7
1,3,2,yes,11/14/2021 17:00,23.6,16.6,50.4,932.2,695,932.3,0,23.1,12.7,1218,23.6
1,3,2,yes,11/14/2021 17:30,22.5,15.8,50.8,932.2,694,932.3,0,22.1,11.8,1180,22.5
1,3,2,yes,11/14/2021 18:00,21.7,13.7,42.4,932.5,692,932.5,0,20.9,8.4,1137,21.7
1,3,2,yes,11/14/2021 18:30,21.6,14.4,47.5,932.9,689,932.9,0,21,9.9,1132,21.5
1,3,2,yes,11/14/2021 19:00,21.5,14.7,49,933,688,933.1,0,21.1,10.4,1130,21.5
1,3,2,yes,11/14/2021 19:30,21.3,14.3,48.1,933.2,686,933.3,0,20.6,9.9,1118,21.2
1,3,2,yes,11/14/2021 20:00,21.5,13.2,40,933.5,684,933.5,0,20.7,7.3,1116,21.5
1,3,2,yes,11/14/2021 20:30,21.4,14.9,50.6,933.9,681,933.9,0,21,10.8,1121,21.4
1,3,2,yes,11/14/2021 21:00,21.4,14.9,50.9,934,678,934.1,0,21,10.8,1117,21.4
1,3,2,yes,11/14/2021 21:30,21.4,14.7,50.2,934.5,675,934.6,0,20.9,10.6,1109,21.3
1,3,2,yes,11/14/2021 22:00,21.5,13.3,40.6,934.9,671,934.9,0,20.5,7.5,1101,21.4
1,3,2,yes,11/14/2021 22:30,21.2,14.7,50.6,935,670,935.1,0,20.6,10.6,1098,21.1
1,3,2,yes,11/14/2021 23:00,21.2,14.7,50.7,935,670,935.1,0,20.7,10.6,1101,21.2
1,3,2,yes,11/14/2021 23:30,21.8,14.8,48.5,935.2,669,935.2,0,21.2,10.4,1116,21.7
1,3,2,yes,11/15/2021 0:00,21.5,14.4,47.4,935,670,935.1,0,21,9.8,1106,21.5
1,3,2,yes,11/15/2021 0:30,19.5,12,41.7,935.4,667,935.4,0,17.8,6.2,1023,19.5
1,3,2,yes,11/15/2021 1:00,19.4,12.9,48.3,935.5,666,935.5,0,18,8.3,1025,19.4
1,3,2,yes,11/15/2021 1:30,19.4,13.1,49.8,935.4,667,935.4,0,18,8.7,1027,19.4
1,3,2,yes,11/15/2021 2:00,19.4,12.3,44.7,935.5,667,935.5,0,17.8,7.1,1022,19.4
1,3,2,yes,11/15/2021 2:30,18.4,11.8,46.6,935.5,666,935.6,0,16.3,6.8,983,18.3
1,3,2,yes,11/15/2021 3:00,17.5,11.8,52.4,935.5,666,935.6,0,15.7,7.6,953,17.4
1,3,2,yes,11/15/2021 3:30,16.9,11.2,51.2,935.5,666,935.6,0,15.3,6.8,931,16.9
1,3,2,yes,11/15/2021 4:00,16.2,9.8,44.8,935.7,665,935.7,0,14.2,4.2,898,16.1
1,3,2,yes,11/15/2021 4:30,15.8,9.3,44.1,935.5,666,935.6,0,13.8,3.6,883,15.7
1,3,2,yes,11/15/2021 5:00,15.3,9,44.1,935.5,665,935.6,0,13.5,3.2,867,15.3
1,3,2,yes,11/15/2021 5:30,14.6,8.5,45.1,935.5,666,935.6,0,13,2.9,839,14.6
1,3,2,yes,11/15/2021 6:00,13.9,8.1,46.2,935.5,665,935.6,0,12.2,2.5,813,13.8
1,3,2,yes,11/15/2021 6:30,14.6,8.4,44.7,935.7,664,935.8,0,12.9,2.7,839,14.6
1,3,2,yes,11/15/2021 7:00,15.9,9.3,42.5,935.9,663,935.9,0,13.9,3.2,884,15.9
1,3,2,yes,11/15/2021 7:30,16.7,9.2,38,936.2,660,936.3,0,14.5,2.3,905,16.7
1,3,2,yes,11/15/2021 8:00,17.4,12,54.3,936.2,659,936.3,0,15.8,8.1,945,17.4
1,3,2,yes,11/15/2021 8:30,19.2,13.2,52.3,936.4,659,936.4,0,17.8,9.2,1010,19.2
1,3,2,yes,11/15/2021 9:00,21.3,14.7,50.6,936.4,658,936.4,0,20.7,10.6,1088,21.2
1,3,2,yes,11/15/2021 9:30,23.1,15.9,49,936.2,659,936.3,0,22.5,11.8,1155,23.1
1,3,2,yes,11/15/2021 10:00,25.2,17.3,46.6,936.2,660,936.2,0,24.4,13,1234,25.2
1,3,2,yes,11/15/2021 10:30,25.3,17.3,46.3,936,662,936,0,24.4,12.9,1236,25.2
1,3,2,yes,11/15/2021 11:00,25.5,17,43.8,935.7,664,935.7,0,24.6,12.3,1247,25.5
1,3,2,yes,11/15/2021 11:30,27.3,19,47,935.2,668,935.3,0,27,15,1322,27.2
1,3,2,yes,11/15/2021 12:00,28.9,20,44.9,934.7,672,934.8,0,29.1,15.8,1386,28.9
1,3,2,yes,11/15/2021 12:30,28.6,19.9,45.6,934.2,678,934.2,0,28.8,15.8,1382,28.6
1,3,2,yes,11/15/2021 13:00,28,19.3,45.7,933.5,683,933.6,0,27.7,15.2,1364,27.9
1,3,2,yes,11/15/2021 13:30,27.3,18.8,45.9,933.2,686,933.2,0,26.9,14.6,1341,27.2
1,3,2,yes,11/15/2021 14:00,26.7,17,38.6,932.7,691,932.8,0,25.6,11.5,1316,26.7
1,3,2,yes,11/15/2021 14:30,26.1,18.4,49.5,932.5,694,932.5,0,25.8,14.7,1311,26.1
1,3,2,yes,11/15/2021 15:00,25.8,18.1,48.5,932.2,695,932.3,0,25.4,14.2,1302,25.8
1,3,2,yes,11/15/2021 15:30,24.7,17.3,49.5,932,696,932.1,0,23.9,13.4,1261,24.6
1,3,2,yes,11/15/2021 16:00,24.2,16.9,49.4,932,697,932,0,23.4,12.9,1242,24.1
1,3,2,yes,11/15/2021 16:30,23.7,16.2,47.9,932,697,932,0,22.9,12,1222,23.6
1,3,2,yes,11/15/2021 17:00,23.5,15.6,44.6,931.9,698,931.9,0,22.5,10.8,1212,23.4
1,3,2,yes,11/15/2021 17:30,22.7,15.9,51.4,932,696,932.1,0,22.1,12.1,1186,22.6
1,3,2,yes,11/15/2021 18:00,21.9,15.3,51.6,932.2,696,932.2,0,21.4,11.4,1156,21.8
1,3,2,yes,11/15/2021 18:30,21.5,15,52,932.2,694,932.3,0,21.2,11.2,1142,21.5
1,3,2,yes,11/15/2021 19:00,21.4,14.8,50,932.2,694,932.3,0,20.9,10.6,1138,21.4
1,3,2,yes,11/15/2021 19:30,21.3,13.1,40.7,932.5,694,932.5,0,20.2,7.4,1120,21.3
1,3,2,yes,11/15/2021 20:00,21.2,14.5,49.9,932.5,694,932.5,0,20.5,10.3,1126,21.1
1,3,2,yes,11/15/2021 20:30,21.4,14.7,50,932.5,692,932.6,0,20.8,10.5,1132,21.3
1,3,2,yes,11/15/2021 21:00,21.3,14.5,49,932.7,691,932.8,0,20.6,10.2,1125,21.3
1,3,2,yes,11/15/2021 21:30,21.3,13.6,44,932.9,689,932.9,0,20.4,8.5,1119,21.3
1,3,2,yes,11/15/2021 22:00,21.2,14.7,51.3,933,688,933,0,20.6,10.7,1120,21.1
1,3,2,yes,11/15/2021 22:30,21.6,14.9,50.1,933,687,933.1,0,21.2,10.8,1134,21.6
1,3,2,yes,11/15/2021 23:00,21.3,14.8,50.8,933,688,933,0,20.9,10.7,1126,21.3
1,3,2,yes,11/15/2021 23:30,21.5,13.9,44.4,933.2,687,933.1,0,20.9,8.9,1125,21.5
1,3,2,yes,11/16/2021 0:00,21.2,12.8,38.7,933,688,933,0,20.2,6.6,1110,21.2
1,3,2,yes,11/16/2021 0:30,19.4,13.2,51,932.7,690,932.9,0,18.1,9.1,1056,19.4
1,3,2,yes,11/16/2021 1:00,19.4,13.2,50.7,932.9,690,932.9,0,18.1,9,1057,19.4
1,3,2,yes,11/16/2021 1:30,19.3,12.3,44.9,932.7,692,932.7,0,17.5,7,1047,19.3
1,3,2,yes,11/16/2021 2:00,19.2,12.5,47.7,932.7,692,932.7,0,17.7,7.8,1047,19.2
1,3,2,yes,11/16/2021 2:30,18.8,12.7,51.3,932.5,692,932.6,0,17.1,8.5,1034,18.7
1,3,2,yes,11/16/2021 3:00,17.2,11.6,53.2,932.5,692,932.5,0,15.6,7.6,980,17.2
1,3,2,yes,11/16/2021 3:30,16.6,11.2,52.5,932.2,694,932.3,0,15.1,6.9,960,16.6
1,3,2,yes,11/16/2021 4:00,16.4,9.8,44,932,696,932.1,0,14.4,4.1,945,16.3
1,3,2,yes,11/16/2021 4:30,15.9,9.2,43,932,698,932,0,13.9,3.3,925,15.8
1,3,2,yes,11/16/2021 5:00,15.7,9.1,42.5,932,697,932.1,0,13.7,3,917,15.6
1,3,2,yes,11/16/2021 5:30,14.5,8.3,44.4,932,697,932.1,0,12.8,2.5,874,14.5
1,3,2,yes,11/16/2021 6:00,13.9,8,45.1,931.9,698,931.9,0,12.2,2.2,853,13.8
1,3,2,yes,11/16/2021 6:30,14.5,8.3,44,932,697,932,0,12.7,2.4,874,14.4
1,3,2,yes,11/16/2021 7:00,15.8,9,41.8,932,698,932,0,13.8,2.8,921,15.7
1,3,2,yes,11/16/2021 7:30,16.4,9.4,41,932,696,932.1,0,14.4,3.1,944,16.4
1,3,2,yes,11/16/2021 8:00,17.6,11.6,50.8,932.2,695,932.3,0,15.8,7.3,993,17.5
1,3,2,yes,11/16/2021 8:30,19.4,12.8,47.8,932,697,932.1,0,18,8.1,1062,19.4
1,3,2,yes,11/16/2021 9:00,21.1,13.9,45.8,932.2,695,932.3,0,20.4,9,1122,21.1
1,3,2,yes,11/16/2021 9:30,23.5,16.1,48.1,931.7,698,931.8,0,22.7,11.9,1217,23.4
1,3,2,yes,11/16/2021 10:00,25.3,17.1,45.4,931.7,700,931.7,0,24.4,12.6,1282,25.2
1,3,2,yes,11/16/2021 10:30,25.5,17.2,45,931.4,702,931.4,0,24.6,12.7,1295,25.5
1,3,2,yes,11/16/2021 11:00,25.4,16.8,43.3,930.7,707,930.8,0,24.4,12.1,1295,25.4
1,3,2,yes,11/16/2021 11:30,27.4,18.7,44.9,930.2,713,930.2,0,26.9,14.4,1378,27.4
1,3,2,yes,11/16/2021 12:00,29.2,19.7,43,929.7,718,929.7,0,29.2,15.3,1446,29.1
1,3,2,yes,11/16/2021 12:30,28.9,19.6,43.8,928.9,724,928.9,0,28.8,15.3,1446,28.8
1,3,2,yes,11/16/2021 13:00,28.1,19.2,44.8,928.5,728,928.5,0,27.7,14.9,1421,28
1,3,2,yes,11/16/2021 13:30,27.4,18.7,44.8,927.9,734,927.9,0,26.9,14.3,1403,27.4
1,3,2,yes,11/16/2021 14:00,27,17.2,38.9,927.5,736,927.6,0,25.8,11.8,1381,26.9
1,3,2,yes,11/16/2021 14:30,26,18.4,49.3,927.4,738,927.4,0,25.7,14.6,1361,26
1,3,2,yes,11/16/2021 15:00,25.7,18,48.6,927,741,927.1,0,25.2,14.1,1353,25.7
1,3,2,yes,11/16/2021 15:30,25.1,17.4,48.5,927,742,927,0,24.3,13.4,1330,25
1,3,2,yes,11/16/2021 16:00,24.2,16.9,49.2,926.7,744,926.8,0,23.5,12.9,1300,24.2
1,3,2,yes,11/16/2021 16:30,23.9,16.3,47.4,927,742,927,0,23,12,1283,23.8
1,3,2,yes,11/16/2021 17:00,23.4,15.5,44.6,926.7,743,926.9,0,22.5,10.7,1265,23.4
1,3,2,yes,11/16/2021 17:30,22.5,15.7,51.1,927,742,927,0,22.1,11.9,1237,22.5
1,3,2,yes,11/16/2021 18:00,21.9,15.3,50.9,927,740,927.1,0,21.5,11.3,1215,21.9
1,3,2,yes,11/16/2021 18:30,21.5,14.9,51.3,927.2,739,927.3,0,21,11,1194,21.4
1,3,2,yes,11/16/2021 19:00,21.5,14.6,48.6,927.7,735,927.7,0,21.1,10.3,1189,21.5
1,3,2,yes,11/16/2021 19:30,21.2,13.7,45,927.9,734,927.9,0,20.3,8.8,1171,21.1
1,3,2,yes,11/16/2021 20:00,21.5,14.9,50.3,928.2,732,928.1,0,21.2,10.8,1185,21.5
1,3,2,yes,11/16/2021 20:30,21.5,14.8,49.7,928.4,730,928.4,0,21.1,10.6,1182,21.5
1,3,2,yes,11/16/2021 21:00,21.5,14.5,48,928.7,726,928.8,0,20.9,10,1174,21.4
1,3,2,yes,11/16/2021 21:30,21.2,13.8,45.4,929,724,929,0,20.5,9,1160,21.2
1,3,2,yes,11/16/2021 22:00,21.4,14.7,49.9,929.2,722,929.2,0,20.9,10.6,1171,21.4
1,3,2,yes,11/16/2021 22:30,21.4,14.6,49.1,929.5,719,929.5,0,20.9,10.3,1167,21.4
1,3,2,yes,11/16/2021 23:00,21.6,14.7,49,929.4,720,929.4,0,21.1,10.4,1174,21.6
1,3,2,yes,11/16/2021 23:30,21.5,14.4,47.3,929.4,721,929.4,0,21,9.9,1170,21.5
1,3,2,yes,11/17/2021 0:00,21.1,12.6,38.1,929.2,721,929.4,0,20,6.3,1145,21.1
1,3,2,yes,11/17/2021 0:30,19.2,12.8,49.2,929.5,720,929.5,0,17.7,8.4,1085,19.2
1,3,2,yes,11/17/2021 1:00,19.1,12.8,50.4,929.7,718,929.7,0,17.5,8.5,1076,19
1,3,2,yes,11/17/2021 1:30,19.1,12.9,51,929.5,719,929.5,0,17.6,8.7,1079,19
1,3,2,yes,11/17/2021 2:00,19.5,13.1,50.1,929.5,719,929.5,0,18.1,8.8,1094,19.4
1,3,2,yes,11/17/2021 2:30,18.6,11.2,42.1,929.5,719,929.5,0,16.5,5.5,1054,18.6
1,3,2,yes,11/17/2021 3:00,17.4,11.2,48.6,929.7,717,929.7,0,15.5,6.5,1012,17.3
1,3,2,yes,11/17/2021 3:30,16.6,11,50.9,929.7,717,929.7,0,15,6.5,987,16.6
1,3,2,yes,11/17/2021 4:00,16.1,10.4,50.4,929.7,717,929.7,0,14.4,5.8,963,16
1,3,2,yes,11/17/2021 4:30,15.4,9.8,49.9,929.7,717,929.7,0,13.8,5,940,15.4
1,3,2,yes,11/17/2021 5:00,15.3,8.8,43.4,929.7,718,929.7,0,13.4,2.9,928,15.2
1,3,2,yes,11/17/2021 5:30,14.4,8.2,43.9,929.9,716,929.9,0,12.6,2.3,894,14.4
1,3,2,yes,11/17/2021 6:00,13.7,7.7,44.6,930,715,930.1,0,12,1.9,866,13.7
1,3,2,yes,11/17/2021 6:30,14.8,8.4,42.4,930.4,711,930.4,0,13,2.2,905,14.8
1,3,2,yes,11/17/2021 7:00,15.8,8.9,41,930.7,709,930.7,0,13.9,2.6,936,15.8
1,3,2,yes,11/17/2021 7:30,16.6,10.2,46.2,931,706,931,0,14.7,5,967,16.6
1,3,2,yes,11/17/2021 8:00,17.5,11.2,47.7,931.4,703,931.4,0,15.5,6.3,997,17.4
1,3,2,yes,11/17/2021 8:30,19.5,12.1,43,931.5,701,931.6,0,17.9,6.6,1066,19.5
1,3,2,yes,11/17/2021 9:00,21.1,14.3,48.7,931.7,700,931.7,0,20.5,9.9,1131,21.1
1,3,2,yes,11/17/2021 9:30,23.2,16.1,49.7,931.7,700,931.7,0,22.6,12.1,1210,23.2
1,3,2,yes,11/17/2021 10:00,25.3,17.3,46.2,931.9,698,931.9,0,24.4,12.9,1281,25.2
1,3,2,yes,11/17/2021 10:30,25.5,17.1,44.8,931.7,700,931.7,0,24.5,12.6,1289,25.4
1,3,2,yes,11/17/2021 11:00,25.6,17.3,45.2,931.5,702,931.5,0,24.8,12.9,1298,25.6
1,3,2,yes,11/17/2021 11:30,27.4,18.6,44.9,931.4,702,931.4,0,26.8,14.3,1363,27.3
1,3,2,yes,11/17/2021 12:00,29.2,19.8,43,931,706,931,0,29.3,15.3,1434,29.2
1,3,2,yes,11/17/2021 12:30,28.8,19.7,44.6,930.7,709,930.7,0,28.8,15.5,1424,28.7
1,3,2,yes,11/17/2021 13:00,27.9,19.2,45.5,930.2,713,930.2,0,27.7,15.1,1397,27.9
1,3,2,yes,11/17/2021 13:30,27.3,18,41.9,930.2,713,930.2,0,26.4,13.2,1369,27.2
1,3,2,yes,11/17/2021 14:00,27,18.8,47.5,930,715,930,0,26.6,14.9,1367,26.9
1,3,2,yes,11/17/2021 14:30,26,18.3,48.6,930,714,930.1,0,25.6,14.4,1334,26
1,3,2,yes,11/17/2021 15:00,25.4,17.8,49.2,930.2,714,930.2,0,24.9,14,1309,25.4
1,3,2,yes,11/17/2021 15:30,24.7,17.3,49,930,714,930.1,0,24,13.3,1284,24.7
1,3,2,yes,11/17/2021 16:00,24.4,16.9,48.4,930.2,713,930.2,0,23.7,12.8,1270,24.4
1,3,2,yes,11/17/2021 16:30,23.8,16.2,47.3,930.4,712,930.4,0,22.9,11.9,1242,23.7
1,3,2,yes,11/17/2021 17:00,23.7,15.7,44.7,930.5,710,930.5,0,22.7,10.9,1235,23.6
1,3,2,yes,11/17/2021 17:30,22.6,15.8,51.3,930.7,707,930.8,0,22.1,12,1197,22.5
1,3,2,yes,11/17/2021 18:00,21.7,15.2,51.5,931,704,931.1,0,21.2,11.2,1161,21.6
1,3,2,yes,11/17/2021 18:30,21.5,15,51.5,931.4,702,931.4,0,21.2,11.1,1150,21.5
1,3,2,yes,11/17/2021 19:00,21.4,14.9,50.7,931.7,700,931.6,0,21,10.8,1145,21.4
1,3,2,yes,11/17/2021 19:30,21.3,13.2,41,931.7,698,931.8,0,20.5,7.5,1129,21.3
1,3,2,yes,11/17/2021 20:00,21.3,14.6,49.8,932.2,696,932.2,0,20.6,10.4,1132,21.2
1,3,2,yes,11/17/2021 20:30,21.2,14.8,50.9,932.2,695,932.2,0,20.7,10.7,1132,21.2
1,3,2,yes,11/17/2021 21:00,21.5,14.7,49.1,932.4,694,932.4,0,21.1,10.4,1139,21.5
1,3,2,yes,11/17/2021 21:30,21.4,13.1,40.2,932.7,690,932.8,0,20.5,7.3,1120,21.4
1,3,2,yes,11/17/2021 22:00,21.2,14.7,50.8,933,688,933,0,20.6,10.6,1120,21.1
1,3,2,yes,11/17/2021 22:30,21.2,14.7,50.5,933.2,686,933.2,0,20.7,10.6,1120,21.2
1,3,2,yes,11/17/2021 23:00,21.5,14.8,49.9,933.4,684,933.4,0,21.1,10.6,1128,21.5
1,3,2,yes,11/17/2021 23:30,21.5,14.6,48.8,933.5,684,933.5,0,20.9,10.3,1124,21.4
1,3,2,yes,11/18/2021 0:00,21.4,12.9,38.6,933.5,684,933.5,0,20.5,6.8,1112,21.4
1,3,2,yes,11/18/2021 0:30,19.4,13.2,51.2,933.7,682,933.8,0,18,9,1044,19.3
1,3,2,yes,11/18/2021 1:00,19.3,13.2,51.4,933.7,681,933.8,0,17.8,9,1041,19.3
1,3,2,yes,11/18/2021 1:30,19.7,12.8,46.4,934,679,934,0,18.2,7.8,1048,19.6
1,3,2,yes,11/18/2021 2:00,19.2,12.4,46.7,934,678,934.1,0,17.4,7.5,1029,19.1
1,3,2,yes,11/18/2021 2:30,18.3,12.2,50.2,934.2,677,934.2,0,16.5,7.8,998,18.3
1,3,2,yes,11/18/2021 3:00,17.3,11.3,49.9,934,678,934.1,0,15.5,6.7,960,17.2
1,3,2,yes,11/18/2021 3:30,16.6,10.8,50.2,934,680,934,0,14.9,6.2,937,16.6
1,3,2,yes,11/18/2021 4:00,16.1,10.5,50.5,934,680,934,0,14.5,5.9,920,16.1
1,3,2,yes,11/18/2021 4:30,15.9,10.2,50.2,933.9,681,933.9,0,14.3,5.6,911,15.9
1,3,2,yes,11/18/2021 5:00,15.5,9,43.4,933.7,681,933.8,0,13.7,3.1,892,15.5
1,3,2,yes,11/18/2021 5:30,14.5,8.2,43.5,933.9,680,933.9,0,12.8,2.3,855,14.5
1,3,2,yes,11/18/2021 6:00,13.6,7.7,44.6,934.2,678,934.2,0,12,1.8,818,13.6
1,3,2,yes,11/18/2021 6:30,14.7,8.2,42.5,934.5,676,934.5,0,12.8,2.1,853,14.6
1,3,2,yes,11/18/2021 7:00,15.6,8.8,41.3,934.7,673,934.7,0,13.6,2.5,884,15.5
1,3,2,yes,11/18/2021 7:30,16.5,10.4,47.4,935,669,935.1,0,14.7,5.3,920,16.5
1,3,2,yes,11/18/2021 8:00,17.5,11.2,47.5,935.5,666,935.6,0,15.6,6.2,951,17.5
1,3,2,yes,11/18/2021 8:30,19.6,11.9,40.9,935.9,663,935.9,0,17.8,5.9,1018,19.5
1,3,2,yes,11/18/2021 9:00,21.3,14.4,48.2,935.7,664,935.8,0,20.8,9.9,1093,21.3
1,3,2,yes,11/18/2021 9:30,23.1,15.9,48.9,936,661,936,0,22.4,11.8,1158,23
1,3,2,yes,11/18/2021 10:00,25,16.7,44.6,935.7,663,935.8,0,24,12.1,1227,25
1,3,2,yes,11/18/2021 10:30,25.5,17,44.1,935.7,665,935.7,0,24.5,12.4,1243,25.4
1,3,2,yes,11/18/2021 11:00,25.5,18,49.7,935.5,667,935.5,0,25,14.2,1256,25.5
1,3,2,yes,11/18/2021 11:30,27.1,18.8,47,934.9,671,934.9,0,26.9,14.8,1318,27.1
1,3,2,yes,11/18/2021 12:00,29,19.6,42.6,934.5,676,934.5,0,29,15.1,1389,29
1,3,2,yes,11/18/2021 12:30,28.8,19.5,43.1,933.9,681,933.9,0,28.8,15,1387,28.8
1,3,2,yes,11/18/2021 13:00,28,19,43.9,933.4,685,933.4,0,27.5,14.6,1364,27.9
1,3,2,yes,11/18/2021 13:30,27.1,18.6,45.6,933,688,933,0,26.7,14.4,1340,27.1
1,3,2,yes,11/18/2021 14:00,26.4,17.9,44.5,932.7,692,932.7,0,25.7,13.3,1313,26.4
1,3,2,yes,11/18/2021 14:30,26.1,17.1,41.9,932.4,694,932.4,0,25.2,12.2,1302,26.1
1,3,2,yes,11/18/2021 15:00,25.6,16.8,42.7,932.2,694,932.3,0,24.6,12,1285,25.6
1,3,2,yes,11/18/2021 15:30,25.1,16.6,43.3,932,697,932.1,0,24,11.8,1269,25.1
1,3,2,yes,11/18/2021 16:00,24.3,15.8,42.8,932.2,695,932.2,0,23.2,10.9,1238,24.3
1,3,2,yes,11/18/2021 16:30,23.8,14.8,38.6,932.2,696,932.1,0,22.6,8.9,1215,23.8
1,3,2,yes,11/18/2021 17:00,23.5,15.8,46.6,932.2,695,932.2,0,22.6,11.4,1211,23.4
1,3,2,yes,11/18/2021 17:30,22.6,15.2,46.9,932.4,694,932.4,0,21.9,10.7,1176,22.6
1,3,2,yes,11/18/2021 18:00,21.5,14.4,47.4,932.5,692,932.6,0,21,9.9,1134,21.5
1,3,2,yes,11/18/2021 18:30,21.4,14.2,46.6,932.7,691,932.8,0,20.8,9.5,1128,21.4
1,3,2,yes,11/18/2021 19:00,21.5,14.2,45.8,932.9,690,932.9,0,21,9.3,1129,21.5
1,3,2,yes,11/18/2021 19:30,21.3,13.6,43.2,933,687,933.1,0,20.4,8.3,1116,21.3
1,3,2,yes,11/18/2021 20:00,21.2,14.4,48.6,933.5,684,933.5,0,20.6,10,1115,21.2
1,3,2,yes,11/18/2021 20:30,21.5,14.5,48.3,933.7,682,933.8,0,21.1,10.1,1121,21.5
1,3,2,yes,11/18/2021 21:00,21.2,14.2,47.6,933.7,682,933.7,0,20.5,9.6,1111,21.1
1,3,2,yes,11/18/2021 21:30,21.1,14.1,47.5,933.9,681,933.9,0,20.4,9.5,1106,21.1
1,3,2,yes,11/18/2021 22:00,21.1,14.1,47.5,934,680,934,0,20.2,9.5,1102,21
1,3,2,yes,11/18/2021 22:30,21.2,14,46.4,934,680,934,0,20.4,9.2,1106,21.1
1,3,2,yes,11/18/2021 23:00,21.6,14.1,45,934,679,934.1,0,21,9.2,1119,21.6
1,3,2,yes,11/18/2021 23:30,21.4,13.4,41.8,934,679,934.1,0,20.5,7.9,1107,21.3
