Week,Species,Treatment_temp,Treatment_water,Dead_Count,Porometer,Porometer_Est,Temperature_C,LeafSensor_PercentRH,FilterSensor_PercentRH,SD_Porometer,Stress_Week_Avg_Porometer
1,PIED,Ambient,Drought,0,125.11,125.11,26.09,34.23,15.38,53.74789815,8.1
1,PIED,Ambient,Watered,0,121.833333333333,121.833333333333,25.9666666666667,34.3666666666667,15.1666666666667,34.30077745,NA
1,PIED,Ambient_HW,Drought,0,154.34,154.34,26.14,37.96,16.97,54.84311362,7
1,PIED,Ambient_HW,Watered,0,101.466666666667,101.466666666667,26.1333333333333,31.6333333333333,13.9666666666667,5.729165152,NA
1,PIEN,Ambient,Drought,0,218.27,218.27,23.66,42,18.8,61.7379057,12.5
1,PIEN,Ambient,Watered,0,152.6,152.6,23.6,36.4666666666667,16.2666666666667,20.94492779,NA
1,PIEN,Ambient_HW,Drought,0,218.15,218.15,23.44,42.06,18.82,62.56311036,13.1
1,PIEN,Ambient_HW,Watered,0,236.566666666667,236.566666666667,23.1333333333333,43.7666666666667,19.3666666666667,29.12599068,NA
1,PIFL,Ambient,Drought,0,222.46,222.46,25.01,43.63,19.42,50.38805414,16.4
1,PIFL,Ambient,Watered,0,205.9,205.9,24.3666666666667,42.7666666666667,19,12.93174389,NA
1,PIFL,Ambient_HW,Drought,0,232.81,232.81,24.92,44.2,19.59,62.19970436,16.2
1,PIFL,Ambient_HW,Watered,0,234.3,234.3,24.5,44.4666666666667,19.7,57.2814106,NA
1,PIPO,Ambient,Drought,0,168.34,168.34,26.52,39.43,18.2,84.70622698,6
1,PIPO,Ambient,Watered,0,98.6,98.6,26.0333333333333,31.4333333333333,14.6,37.2,NA
1,PIPO,Ambient_HW,Drought,0,134.35,134.35,26.38,34.98,16.37,98.14096721,6.5
1,PIPO,Ambient_HW,Watered,0,105,105,26.1,32.5666666666667,14.8666666666667,24.11617714,NA
1,PSME,Ambient,Drought,0,125.6,125.6,25.34,34.7,15.82,51.54098693,11.5
1,PSME,Ambient,Watered,0,86.6666666666667,86.6666666666667,25.1,27.9,12.2333333333333,40.95123116,NA
1,PSME,Ambient_HW,Drought,0,124.48,124.48,25.66,33.71,15.2,66.89194936,9.6
1,PSME,Ambient_HW,Watered,0,135.3,135.3,25.3,35.2333333333333,15.8666666666667,75.31932023,NA
2,PIED,Ambient,Drought,0,176.81,176.81,24.86,44.45,20.42,61.08688621,8.1
2,PIED,Ambient,Watered,0,250.6,250.6,24.9666666666667,50.2,23.3333333333333,109.3429467,NA
2,PIED,Ambient_HW,Drought,0,221.43,221.43,24.9,48.35,22.28,71.55352387,7
2,PIED,Ambient_HW,Watered,0,247.9,247.9,24.9333333333333,49.1333333333333,22.5666666666667,131.7857352,NA
2,PIEN,Ambient,Drought,0,207.34,207.34,25.15,40.51,18.84,60.355009,12.5
2,PIEN,Ambient,Watered,0,175.233333333333,175.233333333333,25,38,17.9,51.78381343,NA
2,PIEN,Ambient_HW,Drought,0,210.75,210.75,25,40.56,18.95,74.65448189,13.1
2,PIEN,Ambient_HW,Watered,0,233.566666666667,233.566666666667,25.0333333333333,42.8666666666667,19.9666666666667,54.21368216,NA
2,PIFL,Ambient,Drought,0,258.74,258.74,25.75,47.2,21.8,70.13309886,16.4
2,PIFL,Ambient_HW,Drought,0,279.36,279.36,25.34,48.63,22.27,53.77168193,16.2
2,PIPO,Ambient,Drought,0,142.99,142.99,25.11,39.5,17.77,74.09623547,6
2,PIPO,Ambient,Watered,0,145,145,24.1333333333333,40.7333333333333,18.3,63.62790268,NA
2,PIPO,Ambient_HW,Drought,0,180.29,180.29,25.21,43.23,19.42,103.8188963,6.5
2,PIPO,Ambient_HW,Watered,0,139.266666666667,139.266666666667,24.5666666666667,40.7333333333333,18.4,39.37693911,NA
2,PSME,Ambient,Drought,0,294.13,294.13,25,49.75,23.04,53.11783651,11.5
2,PSME,Ambient_HW,Drought,0,266.8,266.8,24.73,47.46,21.81,77.61278532,9.6
3,PIED,Ambient,Drought,0,165.99,165.99,25.47,39.46,17.69,56.22785885,8.1
3,PIED,Ambient,Watered,0,262.433333333333,262.433333333333,25.7666666666667,48.1333333333333,21.9,41.58573473,NA
3,PIED,Ambient_HW,Drought,0,247.28,247.28,24.76,46.3,20.71,74.75732294,7
3,PIED,Ambient_HW,Watered,0,160.066666666667,160.066666666667,25.5666666666667,38.5666666666667,17.3666666666667,78.69443013,NA
3,PIEN,Ambient,Drought,0,115.23,115.23,21.13,27.89,12.15,45.04642173,12.5
3,PIEN,Ambient,Watered,0,110.1,110.1,21.2,27.9666666666667,12.3,14.4374513,NA
3,PIEN,Ambient_HW,Drought,0,145.53,145.53,20.96,32.08,14.02,39.85615943,13.1
3,PIEN,Ambient_HW,Watered,0,138.066666666667,138.066666666667,20.9333333333333,31.3333333333333,13.5333333333333,26.02255432,NA
3,PIFL,Ambient,Drought,0,276.74,276.74,23.84,46.66,20.52,89.39449647,16.4
3,PIFL,Ambient,Watered,0,265.933333333333,265.933333333333,23.9333333333333,46.0666666666667,20.3666666666667,95.46603235,NA
3,PIFL,Ambient_HW,Drought,0,267.02,267.02,23.84,46.84,20.71,39.98913186,16.2
3,PIFL,Ambient_HW,Watered,0,349.933333333333,349.933333333333,23.5666666666667,50.7333333333333,22.3,86.7678704,NA
3,PIPO,Ambient,Drought,0,163.2,163.2,25.38,38.51,17.01,68.70008895,6
3,PIPO,Ambient,Watered,0,143.133333333333,143.133333333333,25.5666666666667,35.2666666666667,15.4666666666667,89.43278668,NA
3,PIPO,Ambient_HW,Drought,0,179.48,179.48,25.37,40.47,18.03,67.62698015,6.5
3,PIPO,Ambient_HW,Watered,0,178.333333333333,178.333333333333,25.3666666666667,41.6333333333333,18.8,26.57241678,NA
3,PSME,Ambient,Drought,0,299.75,299.75,23.89,47.76,21.34,113.4499425,11.5
3,PSME,Ambient,Watered,0,152.533333333333,152.533333333333,23.2666666666667,37,16.4333333333333,51.46710924,NA
3,PSME,Ambient_HW,Drought,0,246.38,246.38,23.79,44.81,20,78.0442581,9.6
3,PSME,Ambient_HW,Watered,0,236.866666666667,236.866666666667,23.8333333333333,43.7666666666667,19.5666666666667,116.7570269,NA
4,PIED,Ambient,Drought,0,255.63,255.63,25.49,46.8,21.53,83.97912505,8.1
4,PIED,Ambient_HW,Drought,0,226.49,226.49,25.45,44.22,20.28,89.01414931,7
4,PIEN,Ambient,Drought,0,132.68,132.68,25.21,31.34,12.79,39.69149923,12.5
4,PIEN,Ambient,Watered,0,91.0333333333333,91.0333333333333,25.2,25.8666666666667,10.7,11.82891936,NA
4,PIEN,Ambient_HW,Drought,0,116.04,116.04,25.69,28.99,11.73,33.58588328,13.1
4,PIEN,Ambient_HW,Watered,0,119.033333333333,119.033333333333,25.8333333333333,29,11.6333333333333,48.3956954,NA
4,PIFL,Ambient,Drought,0,250.27,250.27,23.63,43.86,19.36,78.42596013,16.4
4,PIFL,Ambient,Watered,0,258.9,258.9,22.2,44.3,19.2333333333333,87.6024543,NA
4,PIFL,Ambient_HW,Drought,0,267.09,267.09,23.67,45.32,19.81,51.53437795,16.2
4,PIFL,Ambient_HW,Watered,0,334.9,334.9,23.9333333333333,49.0666666666667,21.6666666666667,67.32629501,NA
4,PIPO,Ambient,Drought,0,179.27,179.27,25.08,39.84,18.08,88.87960708,6
4,PIPO,Ambient_HW,Drought,0,234.66,234.66,25.62,44.5,20.13,88.42394346,6.5
4,PSME,Ambient,Drought,0,321.51,321.51,23.62,48.67,21.71,67.15693809,11.5
4,PSME,Ambient,Watered,0,298,298,23.5666666666667,47.2666666666667,21.0333333333333,76.43847199,NA
4,PSME,Ambient_HW,Drought,0,277.9,277.9,23.64,46.25,20.56,52.10346544,9.6
4,PSME,Ambient_HW,Watered,0,282.133333333333,282.133333333333,23.6,46.9666666666667,21.0333333333333,15.72715274,NA
5,PIED,Ambient,Drought,0,124.37,124.37,24.27,33.07,14.26,35.00219199,8.1
5,PIED,Ambient,Watered,0,208.866666666667,208.866666666667,24.2,41.2333333333333,17.3666666666667,72.62026806,NA
5,PIED,Ambient_HW,Drought,0,194.23,194.23,24,40.14,17.82,85.74495839,7
5,PIED,Ambient_HW,Watered,0,198.266666666667,198.266666666667,23.9333333333333,41.9333333333333,18.4,17.69755162,NA
5,PIEN,Ambient,Drought,0,136.63,136.63,22.44,28.31,11.89,56.68444917,12.5
5,PIEN,Ambient,Watered,0,95.8,95.8,21.7666666666667,23.4333333333333,9.76666666666667,19.58392198,NA
5,PIEN,Ambient_HW,Drought,0,127.19,127.19,22.48,28.16,11.98,21.59683362,13.1
5,PIEN,Ambient_HW,Watered,0,110.433333333333,110.433333333333,22.1,25.8333333333333,10.9333333333333,22.11997589,NA
5,PIFL,Ambient,Drought,0,151.01,151.01,25.06,34.92,16.22,51.82136947,16.4
5,PIFL,Ambient,Watered,0,243.266666666667,243.266666666667,25.1333333333333,40.3333333333333,18.6333333333333,190.3325861,NA
5,PIFL,Ambient_HW,Drought,0,155.3,155.3,24.93,35.48,16.35,40.0735435,16.2
5,PIFL,Ambient_HW,Watered,0,206.8,206.8,25.0666666666667,39.4,17.9666666666667,99.10766872,NA
5,PIPO,Ambient,Drought,0,137.28,137.28,24.2,33.96,14.6,58.16814325,6
5,PIPO,Ambient,Watered,0,139.466666666667,139.466666666667,24.1666666666667,33.4666666666667,14.4,87.05224485,NA
5,PIPO,Ambient_HW,Drought,0,240.33,240.33,24.26,43.06,17.96,75.38924253,6.5
5,PIPO,Ambient_HW,Watered,0,214.3,214.3,23.8333333333333,42.7,18.4333333333333,39.44299684,NA
5,PSME,Ambient,Drought,0,255.62,255.62,24.89,43.4,19.97,90.56608146,11.5
5,PSME,Ambient,Watered,0,168.233333333333,168.233333333333,23.9333333333333,36.3333333333333,16.7333333333333,70.06670631,NA
5,PSME,Ambient_HW,Drought,0,181.69,181.69,24.04,38.15,17.66,52.13317242,9.6
5,PSME,Ambient_HW,Watered,0,189.4,189.4,24.1,38.5666666666667,17.7,69.7105444,NA
6,PIED,Ambient,Drought,0,80.28,80.28,23.83,25.47,11.2,9.765221736,8.1
6,PIED,Ambient,Watered,0,115.166666666667,115.166666666667,23.7666666666667,31.2666666666667,13.9,33.54941629,NA
6,PIED,Ambient_HW,Drought,0,100.41,100.41,23.78,29.04,12.79,15.71598266,7
6,PIED,Ambient_HW,Watered,0,98.6333333333333,98.6333333333333,23.6,28.7666666666667,12.7,17.35002402,NA
6,PIEN,Ambient,Drought,0,101.43,101.43,22.84,25.28,11.35,20.04899831,12.5
6,PIEN,Ambient,Watered,0,84.2333333333333,84.2333333333333,22.8,22.0666666666667,9.73333333333333,26.93888144,NA
6,PIEN,Ambient_HW,Drought,0,106.64,106.64,23.17,26.04,11.67,18.25067426,13.1
6,PIEN,Ambient_HW,Watered,0,94.3,94.3,23.1333333333333,24.2333333333333,10.9666666666667,17.22178853,NA
6,PIFL,Ambient,Drought,0,97.44,97.44,22.52,25.81,11.29,16.46033617,16.4
6,PIFL,Ambient,Watered,0,94.9333333333333,94.9333333333333,22.4,25.3,11.0333333333333,21.28528443,NA
6,PIFL,Ambient_HW,Drought,0,126.59,126.59,22.81,29.67,12.89,32.07375008,16.2
6,PIFL,Ambient_HW,Watered,0,172.7,172.7,22.6,34.2333333333333,14.7666666666667,72.81751163,NA
6,PIPO,Ambient,Drought,0,85.43,85.43,23.13,26.15,11.32,14.35997911,6
6,PIPO,Ambient,Watered,0,98.0666666666667,98.0666666666667,23.0333333333333,27.9333333333333,12.1333333333333,38.50017316,NA
6,PIPO,Ambient_HW,Drought,0,86.34,86.34,23.49,26.45,11.57,15.19072817,6.5
6,PIPO,Ambient_HW,Watered,0,79.2,79.2,23.5333333333333,25.1,10.9333333333333,12.87128587,NA
6,PSME,Ambient,Drought,0,187.3,187.3,22.1,35.66,15.71,76.84201686,11.5
6,PSME,Ambient,Watered,0,168.766666666667,168.766666666667,21.4333333333333,32.5,14.3333333333333,126.472184,NA
6,PSME,Ambient_HW,Drought,0,177.91,177.91,21.61,33.93,14.91,87.9025401,9.6
6,PSME,Ambient_HW,Watered,0,218.1,218.1,21.2333333333333,40.0666666666667,18.0666666666667,15.54638222,NA
7,PIED,Ambient,Drought,0,108.65,108.65,24.8,27.64,12.14,37.88624054,8.1
7,PIED,Ambient,Watered,0,149.933333333333,149.933333333333,24.6333333333333,32.5,14.7,91.56595073,NA
7,PIED,Ambient_HW,Drought,0,111.1,111.1,24.56,27.46,12.33,59.95527963,7
7,PIED,Ambient_HW,Watered,0,110.2,110.2,24.7,28,12.3666666666667,42.65817624,NA
7,PIEN,Ambient,Drought,0,98.05,98.05,21.4,28.0777777777778,14.9333333333333,31.52544827,12.5
7,PIEN,Ambient,Watered,0,85.6666666666667,85.6666666666667,21.2333333333333,26.1,14,3.280751946,NA
7,PIEN,Ambient_HW,Drought,0,100.48,100.48,21.31,27.75,14.34,18.15989476,13.1
7,PIEN,Ambient_HW,Watered,0,96.4,96.4,21.1333333333333,26.6333333333333,13.5,22.40267841,NA
7,PIFL,Ambient,Drought,0,79.64,79.64,24.56,22.78,9.14,13.90780756,16.4
7,PIFL,Ambient,Watered,0,61.1333333333333,61.1333333333333,24.2666666666667,18.8,7.46666666666667,19.81548216,NA
7,PIFL,Ambient_HW,Drought,0,101.3,101.3,24.33,25.92,10.61,43.29036331,16.2
7,PIFL,Ambient_HW,Watered,0,101.7,101.7,23.4333333333333,27.1666666666667,11.4333333333333,25.87218584,NA
7,PIPO,Ambient,Drought,0,81.84,81.84,24.88,23.91,10.77,22.43312036,6
7,PIPO,Ambient,Watered,0,91.5666666666667,91.5666666666667,24.6,25.6,11.5333333333333,28.03164878,NA
7,PIPO,Ambient_HW,Drought,0,85.29,85.29,24.53,24.29,10.97,30.46996518,6.5
7,PIPO,Ambient_HW,Watered,0,70.4333333333333,70.4333333333333,23.8333333333333,21.4333333333333,9.3,13.885364,NA
7,PSME,Ambient,Drought,0,129.84,129.84,24.15,31.32,13.43,30.64217138,11.5
7,PSME,Ambient,Watered,0,117.433333333333,117.433333333333,24.2666666666667,28.2,12,73.99813061,NA
7,PSME,Ambient_HW,Drought,0,116.72,116.72,24.19,29.28,12.38,29.66467409,9.6
7,PSME,Ambient_HW,Watered,0,148.766666666667,148.766666666667,23.9,33.5,14.5,51.16447335,NA
8,PIED,Ambient,Drought,0,93.02,93.02,23.09,23.54,10.12,52.12589035,8.1
8,PIED,Ambient,Watered,0,119.133333333333,119.133333333333,22.8,27.5,11.8333333333333,67.64882359,NA
8,PIED,Ambient_HW,Drought,0,59.48,59.48,23.29,17.84,7.44,20.88746567,7
8,PIED,Ambient_HW,Watered,0,123.533333333333,123.533333333333,23.1333333333333,29.6,13.2,38.22699744,NA
8,PIEN,Ambient,Drought,0,105.77,105.77,22.33,25.54,11.21,24.9035495,12.5
8,PIEN,Ambient,Watered,0,99.6,99.6,21.5666666666667,24.9666666666667,11.0666666666667,10.00149989,NA
8,PIEN,Ambient_HW,Drought,0,106.07,106.07,20.98,25.65,11.21,20.77685946,13.1
8,PIEN,Ambient_HW,Watered,0,91.5,91.5,20.5333333333333,23.5,10.2666666666667,12.12806662,NA
8,PIFL,Ambient,Drought,0,89.97,89.97,23.43,22.05,9.02,22.86010839,16.4
8,PIFL,Ambient,Watered,0,80.1333333333333,80.1333333333333,23.3666666666667,20.5666666666667,8.36666666666667,11.44304738,NA
8,PIFL,Ambient_HW,Drought,0,181.25,181.25,23.64,32.99,13.95,69.27060063,16.2
8,PIFL,Ambient_HW,Watered,0,273.066666666667,273.066666666667,22.5,41,17.3333333333333,14.62372502,NA
8,PIPO,Ambient,Drought,0,55.6,55.6,23.24,17.46,7.47,9.794783192,6
8,PIPO,Ambient,Watered,0,115.766666666667,115.766666666667,23.1333333333333,28.2666666666667,12.3,32.99883836,NA
8,PIPO,Ambient_HW,Drought,0,61,61,23.58,18.26,7.65,17.34409922,6.5
8,PIPO,Ambient_HW,Watered,0,66.3666666666667,66.3666666666667,23.5,19.5,8.3,23.6749516,NA
8,PSME,Ambient,Drought,0,134.23,134.23,22.25,28.76,12.19,33.4126074,11.5
8,PSME,Ambient,Watered,0,149.833333333333,149.833333333333,22.8333333333333,29.7666666666667,12.2666666666667,59.64162417,NA
8,PSME,Ambient_HW,Drought,0,80.91,80.91,21.92,20.39,8.35,29.44578634,9.6
8,PSME,Ambient_HW,Watered,0,124.533333333333,124.533333333333,21.6333333333333,27.8333333333333,11.7333333333333,4.605793453,NA
9,PIED,Ambient,Drought,0,57.27,57.27,25.81,17.94,6.79,18.31799662,8.1
9,PIED,Ambient,Watered,0,135.166666666667,135.166666666667,25.2333333333333,29.3666666666667,11.4333333333333,93.92253901,NA
9,PIED,Ambient_HW,Drought,0,53.68,53.68,25.21,17.12,6.32,10.93890102,7
9,PIED,Ambient_HW,Watered,0,98.2333333333333,98.2333333333333,24.9333333333333,25.8,9.93333333333333,31.90052246,NA
9,PIEN,Ambient,Drought,0,120.26,120.26,21.71,27.77,12.19,17.53435992,12.5
9,PIEN,Ambient,Watered,0,120.766666666667,120.766666666667,21.8,27.7666666666667,12.1,13.4019899,NA
9,PIEN,Ambient_HW,Drought,0,159.14,159.14,21.87,32.46,14.29,22.69273991,13.1
9,PIEN,Ambient_HW,Watered,0,128.733333333333,128.733333333333,21.5333333333333,28.9333333333333,12.7,17.65285624,NA
9,PIFL,Ambient,Drought,0,124.86,124.86,23.2,27.89,12.22,37.27946113,16.4
9,PIFL,Ambient,Watered,0,108.233333333333,108.233333333333,23.0333333333333,25.6,11.2333333333333,41.02222975,NA
9,PIFL,Ambient_HW,Drought,0,174.05,174.05,22.81,33.28,14.59,54.28024503,16.2
9,PIFL,Ambient_HW,Watered,0,213.433333333333,213.433333333333,22.9333333333333,36.3,15.9666666666667,100.5211089,NA
9,PIPO,Ambient,Drought,0,55.48,55.48,24.58,18.84,7.9,7.309628354,6
9,PIPO,Ambient,Watered,0,76.1666666666667,76.1666666666667,24.2333333333333,23.2333333333333,9.73333333333333,14.18179584,NA
9,PIPO,Ambient_HW,Drought,0,52.98,52.98,25.1,18.28,7.66,4.411298625,6.5
9,PIPO,Ambient_HW,Watered,0,70.3666666666667,70.3666666666667,24.4,22.4333333333333,9.53333333333333,8.607748447,NA
9,PSME,Ambient,Drought,0,198.14,198.14,22.84,35.54,15.82,67.05377941,11.5
9,PSME,Ambient,Watered,0,204.633333333333,204.633333333333,22.4333333333333,36.3666666666667,16.1666666666667,69.25787561,NA
9,PSME,Ambient_HW,Drought,0,99.56,99.56,22.13,23.75,10.45,50.83291147,9.6
9,PSME,Ambient_HW,Watered,0,118.666666666667,118.666666666667,21.3666666666667,27.1666666666667,11.8666666666667,37.42864322,NA
10,PIED,Ambient,Drought,0,62.92,62.92,23.52,17.06,6.9,19.76645868,8.1
10,PIED,Ambient,Watered,0,143.033333333333,143.033333333333,23.3333333333333,29.5,12.7,61.34006304,NA
10,PIED,Ambient_HW,Drought,0,64.33,64.33,22.87,17.56,7.11,12.65947603,7
10,PIED,Ambient_HW,Watered,0,145.066666666667,145.066666666667,22.4,29.1333333333333,12.4666666666667,80.50946114,NA
10,PIEN,Ambient,Drought,0,94.33,94.33,22.56,24.38,10.5,12.91777845,12.5
10,PIEN,Ambient,Watered,0,95.4333333333333,95.4333333333333,21.9333333333333,24.7333333333333,10.7333333333333,11.36060444,NA
10,PIEN,Ambient_HW,Drought,0,125.06,125.06,22.86,28.86,12.44,17.42585563,13.1
10,PIEN,Ambient_HW,Watered,0,112.866666666667,112.866666666667,22.8,27.1333333333333,11.6666666666667,19.83364145,NA
10,PIFL,Ambient,Drought,0,135.53,135.53,21.75,29.43,12.78,27.07085559,16.4
10,PIFL,Ambient,Watered,0,123.833333333333,123.833333333333,21.2,28.0333333333333,12.2,26.40479754,NA
10,PIFL,Ambient_HW,Drought,0,165.32,165.32,21.32,32.47,13.94,39.27744051,16.2
10,PIFL,Ambient_HW,Watered,0,214.766666666667,214.766666666667,21.5,36.3333333333333,15.7333333333333,92.07194651,NA
10,PIPO,Ambient,Drought,5,47.8,43.02,23.1888888888889,13.8,5.38888888888889,16.04603101,6
10,PIPO,Ambient,Watered,0,111.8,111.8,23.3333333333333,23.4666666666667,9.7,88.78671072,NA
10,PIPO,Ambient_HW,Drought,6,57.82,57.82,23.66,15.96,6.42,19.10350753,6.5
10,PIPO,Ambient_HW,Watered,0,75.8666666666667,75.8666666666667,23.6333333333333,19.5,8.03333333333333,31.08155938,NA
10,PSME,Ambient,Drought,0,148.23,148.23,21.05,30.95,13.74,46.52769904,11.5
10,PSME,Ambient,Watered,0,152.433333333333,152.433333333333,21.4,30.9333333333333,13.6,69.12339208,NA
10,PSME,Ambient_HW,Drought,0,99.84,99.84,21.08,24.43,10.66,30.04526955,9.6
10,PSME,Ambient_HW,Watered,0,204.933333333333,204.933333333333,20.9333333333333,37.1333333333333,16.5,5.838093296,NA
11,PIED,Ambient,Drought,0,60.54,60.54,23.16,16.51,6.63,19.43548873,8.1
11,PIED,Ambient,Watered,0,221.366666666667,221.366666666667,22.9333333333333,35.0666666666667,15.0333333333333,148.2353647,NA
11,PIED,Ambient_HW,Drought,0,65.38,65.38,22.55,18.1,7.62,14.63487463,7
11,PIED,Ambient_HW,Watered,0,157.466666666667,157.466666666667,22.1,31.0333333333333,13.5,77.93217136,NA
11,PIEN,Ambient,Drought,0,104.53,104.53,19.71,24.91,10.53,14.55839201,12.5
11,PIEN,Ambient,Watered,0,105.566666666667,105.566666666667,20.3,25.0666666666667,10.4666666666667,10.36066278,NA
11,PIEN,Ambient_HW,Drought,0,102.96,102.96,19.16,24.19,10.19,26.38312592,13.1
11,PIEN,Ambient_HW,Watered,0,98.1,98.1,19.3333333333333,23.6666666666667,9.96666666666667,22.31075974,NA
11,PIFL,Ambient,Drought,0,141.68,141.68,22.71,29.93,12.88,29.79883667,16.4
11,PIFL,Ambient,Watered,0,135.166666666667,135.166666666667,22.8666666666667,29.2,12.6,33.07330243,NA
11,PIFL,Ambient_HW,Drought,0,184.13,184.13,22.73,34.3,14.83,44.73457649,16.2
11,PIFL,Ambient_HW,Watered,0,200.033333333333,200.033333333333,22.5,35.2666666666667,15.2666666666667,82.01867673,NA
11,PIPO,Ambient,Drought,6,57.6444444444444,51.88,22.7222222222222,16.6222222222222,7.04444444444444,20.09277371,6
11,PIPO,Ambient,Watered,1,92.3,92.3,22.5666666666667,22.8,9.96666666666667,47.69559728,NA
11,PIPO,Ambient_HW,Drought,8,66.35,66.35,22.56,18.73,8.11,9.586130027,6.5
11,PIPO,Ambient_HW,Watered,0,73.5666666666667,73.5666666666667,22.8333333333333,19.9,8.5,13.49901231,NA
11,PSME,Ambient,Drought,0,58.08,58.08,21.04,15.94,6.49,26.55848055,11.5
11,PSME,Ambient,Watered,0,109.9,109.9,21.8,25.9333333333333,11.2,28.12329995,NA
11,PSME,Ambient_HW,Drought,0,47.03,47.03,21.48,13.22,4.98,14.54289059,9.6
11,PSME,Ambient_HW,Watered,0,109.3,109.3,21.7,25.6,10.8333333333333,23.06967707,NA
12,PIED,Ambient,Drought,1,63.77,63.77,21.83,17.88,7.51,7.349081575,8.1
12,PIED,Ambient,Watered,0,106.9,106.9,21.5,25,10.8,48.47143489,NA
12,PIED,Ambient_HW,Drought,3,61,61,21.74,17.16,7.1,6.8441378,7
12,PIED,Ambient_HW,Watered,0,197.9,197.9,21.9,35.9,15.6,36.81018881,NA
12,PIEN,Ambient,Drought,0,118.63,118.63,18.3,27.09,11.51,31.42009442,12.5
12,PIEN,Ambient,Watered,0,90.7333333333333,90.7333333333333,18.1333333333333,22.9,9.53333333333333,14.92860788,NA
12,PIEN,Ambient_HW,Drought,0,124.8,124.8,18.04,28,11.79,15.50017921,13.1
12,PIEN,Ambient_HW,Watered,0,142.066666666667,142.066666666667,18.4666666666667,30.5666666666667,13,4.162130865,NA
12,PIFL,Ambient,Drought,0,150.42,150.42,22.14,31.06,13.4,29.43519435,16.4
12,PIFL,Ambient,Watered,0,128.066666666667,128.066666666667,21.6,28.5,12.3,23.80343113,NA
12,PIFL,Ambient_HW,Drought,0,201.73,201.73,21.93,36.06,15.59,37.94077402,16.2
12,PIFL,Ambient_HW,Watered,0,225.1,225.1,22.2,37.0666666666667,15.7333333333333,84.45856973,NA
12,PIPO,Ambient,Drought,9,57.8,52.02,21.4,16.8888888888889,7.22222222222222,18.46490966,6
12,PIPO,Ambient,Watered,1,90.0333333333333,90.0333333333333,21.3,21.9,9.36666666666667,52.60440412,NA
12,PIPO,Ambient_HW,Drought,9,58.14,58.14,21.31,16.76,7.03,3.232199114,6.5
12,PIPO,Ambient_HW,Watered,0,87.7666666666667,87.7666666666667,21.4666666666667,22.4666666666667,9.76666666666667,29.04691607,NA
12,PSME,Ambient,Drought,0,101.17,101.17,22.28,24.57,10.69,30.15036576,11.5
12,PSME,Ambient,Watered,0,141.4,141.4,21.7333333333333,30.5333333333333,13.4,4.807286137,NA
12,PSME,Ambient_HW,Drought,0,97.55,97.55,22.47,23.69,10.18,34.20147008,9.6
12,PSME,Ambient_HW,Watered,0,221,221,22.5666666666667,37.9666666666667,16.6666666666667,41.67121309,NA
13,PIED,Ambient,Drought,1,53.79,53.79,21.01,15.22,5.97,6.299638438,8.1
13,PIED,Ambient,Watered,0,172.166666666667,172.166666666667,21.3333333333333,33.0666666666667,14.1,43.91541111,NA
13,PIED,Ambient_HW,Drought,5,52.1,52.1,21.26,14.76,5.73,5.840471823,7
13,PIED,Ambient_HW,Watered,0,178.066666666667,178.066666666667,21.3666666666667,33.1,13.9666666666667,63.86308271,NA
13,PIEN,Ambient,Drought,0,63.9,63.9,21.92,17.64,7.21,6.654822813,12.5
13,PIEN,Ambient,Watered,0,65.5,65.5,21.8333333333333,17.8,7.23333333333333,14.50068964,NA
13,PIEN,Ambient_HW,Drought,0,64.99,64.99,21.97,17.73,7.27,15.28023051,13.1
13,PIEN,Ambient_HW,Watered,0,75.8666666666667,75.8666666666667,22,19.8666666666667,8.26666666666667,23.11630017,NA
13,PIFL,Ambient,Drought,0,100.53,100.53,23.33,24.33,10.08,34.95441635,16.4
13,PIFL,Ambient,Watered,0,70.7333333333333,70.7333333333333,23.3666666666667,18.4333333333333,6.7,6.335876682,NA
13,PIFL,Ambient_HW,Drought,0,99.47,99.47,22.69,24.54,10.17,22.44088778,16.2
13,PIFL,Ambient_HW,Watered,0,153.566666666667,153.566666666667,23.4333333333333,30.8333333333333,12.8666666666667,72.29082468,NA
13,PIPO,Ambient,Drought,10,44.1666666666667,39.75,22.3111111111111,12.5888888888889,4.62222222222222,14.51851309,6
13,PIPO,Ambient,Watered,1,63.5,63.5,22.2,16.8333333333333,6.7,29.14172267,NA
13,PIPO,Ambient_HW,Drought,9,47.27,47.27,21.61,13.85,5.49,4.223492499,6.5
13,PIPO,Ambient_HW,Watered,0,73.6666666666667,73.6666666666667,21.3,19.6333333333333,8.13333333333333,12.73040979,NA
13,PSME,Ambient,Drought,0,62.6,62.6,21.71,17.82,7.16,8.743632604,11.5
13,PSME,Ambient,Watered,0,121.066666666667,121.066666666667,21.9,27.8,11.8,39.39014259,NA
13,PSME,Ambient_HW,Drought,0,81.39,81.39,21.13,21.12,8.69,36.97952737,9.6
13,PSME,Ambient_HW,Watered,0,152.4,152.4,21.0666666666667,31.8666666666667,13.5333333333333,32.70412818,NA
14,PIED,Ambient,Drought,4,60.67,60.67,22.67,17.05,7.03,8.964999845,8.1
14,PIED,Ambient,Watered,0,123.9,123.9,22.4,26.0666666666667,11.1666666666667,86.00854609,NA
14,PIED,Ambient_HW,Drought,6,69.81,69.81,22.79,19.25,8.21,6.379733537,7
14,PIED,Ambient_HW,Watered,0,172.233333333333,172.233333333333,22.6,32.0666666666667,13.8333333333333,93.99278341,NA
14,PIFL,Ambient,Drought,0,129.27,129.27,19.23,27.68,11.5,30.09544262,16.4
14,PIFL,Ambient,Watered,0,119.033333333333,119.033333333333,19.1,26.3333333333333,11,31.501164,NA
14,PIFL,Ambient_HW,Drought,0,142.87,142.87,19.47,29.61,12.34,18.96441404,16.2
14,PIFL,Ambient_HW,Watered,0,218.166666666667,218.166666666667,19.3,35.9333333333333,14.8333333333333,76.35904225,NA
14,PIPO,Ambient,Drought,10,64.25,25.7,19.8,19.275,8.125,33.19230165,6
14,PIPO,Ambient,Watered,1,144.05,96.0333333333333,22.25,28.05,12.05,116.828949,NA
14,PIPO,Ambient_HW,Drought,10,77.35,15.47,21.35,21.8,9.6,32.98356662,6.5
14,PIPO,Ambient_HW,Watered,0,92.0333333333333,92.0333333333333,22.4333333333333,23.1666666666667,9.96666666666667,23.54237315,NA
14,PSME,Ambient,Drought,0,75.68,75.68,19.54,19.97,8.35,12.52613268,11.5
14,PSME,Ambient,Watered,0,165.7,165.7,19.5666666666667,32.2,13.6666666666667,42.55384824,NA
14,PSME,Ambient_HW,Drought,0,81.17,81.17,19.56,21.14,8.99,13.1183544,9.6
14,PSME,Ambient_HW,Watered,0,189.633333333333,189.633333333333,19.5,34.6333333333333,14.6333333333333,28.01594784,NA
15,PIED,Ambient,Drought,8,64.6666666666667,58.2,21.9222222222222,17.9666666666667,7.03333333333333,21.69777254,8.1
15,PIED,Ambient,Watered,0,157.533333333333,157.533333333333,21.9333333333333,32.3333333333333,13.4666666666667,12.86714161,NA
15,PIED,Ambient_HW,Drought,7,70.4666666666667,42.28,21.95,19.4666666666667,7.93333333333333,37.54809656,7
15,PIED,Ambient_HW,Watered,0,148.3,148.3,21.9333333333333,31.0666666666667,12.9,31.76806573,NA
15,PIFL,Ambient,Drought,0,145.17,145.17,19.08,31.3111111111111,13.3666666666667,26.62330015,16.4
15,PIFL,Ambient,Watered,0,139.433333333333,139.433333333333,19.2666666666667,30.2,12.9,47.41828058,NA
15,PIFL,Ambient_HW,Drought,0,156.89,156.89,18.93,32.18,13.83,41.10527001,16.2
15,PIFL,Ambient_HW,Watered,0,223.366666666667,223.366666666667,18.5,37.6333333333333,16.1,82.34174721,NA
15,PIPO,Ambient,Drought,10,63.4,6.34,23.1,18.2,7.4,20.04884037,6
15,PIPO,Ambient,Watered,1,86.7,57.8,23.35,21.75,8.85,60.23188524,NA
15,PIPO,Ambient_HW,Drought,10,63.8,6.38,22.7,18.3,7.5,20.17533147,6.5
15,PIPO,Ambient_HW,Watered,0,72.5333333333333,72.5333333333333,22.8,20.0666666666667,8.26666666666667,4.974267115,NA
15,PSME,Ambient,Drought,1,81.36,81.36,18.35,22.43,10.03,5.981489967,11.5
15,PSME,Ambient,Watered,0,167.966666666667,167.966666666667,18.3333333333333,34.0333333333333,15.4,48.78876237,NA
15,PSME,Ambient_HW,Drought,4,85.95,85.95,18.44,22.98,10.15,12.56929681,9.6
15,PSME,Ambient_HW,Watered,0,145.3,145.3,18.3666666666667,31.3,13.7666666666667,22.15287792,NA
16,PIED,Ambient,Drought,8,61.1777777777778,55.06,19.9666666666667,17.0444444444444,6.9,20.3335082,8.1
16,PIED,Ambient,Watered,0,94.8,94.8,19.8666666666667,21.5666666666667,8.8,68.2181794,NA
16,PIED,Ambient_HW,Drought,8,66.06,33.03,20.32,18.3,7.58,34.86115476,7
16,PIED,Ambient_HW,Watered,0,88.8333333333333,88.8333333333333,20.4,22.5,9.46666666666667,17.58901172,NA
16,PIEN,Ambient,Drought,0,28.44,28.44,20.62,17.48,8.18,2.04461352,12.5
16,PIEN,Ambient,Watered,0,46.3333333333333,46.3333333333333,20.6666666666667,24.1666666666667,11.1333333333333,9.122134253,NA
16,PIEN,Ambient_HW,Drought,0,27.92,27.92,20.6,17.11,7.96,5.207217214,13.1
16,PIEN,Ambient_HW,Watered,0,43.5333333333333,43.5333333333333,20.5666666666667,23.2,10.8,10.58363517,NA
16,PIFL,Ambient,Drought,0,95.55,95.55,21.45,22.87,9.35,29.14169407,16.4
16,PIFL,Ambient,Watered,0,90.5666666666667,90.5666666666667,22.1333333333333,22.5666666666667,9.3,7.219649114,NA
16,PIFL,Ambient_HW,Drought,0,83.37,83.37,22.27,20.61,8.33,30.81976458,16.2
16,PIFL,Ambient_HW,Watered,0,134.066666666667,134.066666666667,22.2666666666667,28.7666666666667,12.1,21.95389108,NA
16,PIPO,Ambient,Drought,10,NA,0,NA,NA,NA,0,6
16,PIPO,Ambient,Watered,1,73.8,49.2,20.5,19.85,8.35,44.54750274,NA
16,PIPO,Ambient_HW,Drought,10,64.7,6.47,20.4,18,7.4,20.45993646,6.5
16,PIPO,Ambient_HW,Watered,0,98.5333333333333,98.5333333333333,20.4,23.9333333333333,10.0333333333333,25.51280724,NA
16,PSME,Ambient,Drought,1,47.03,47.03,21.59,13.55,5.24,5.354551543,11.5
16,PSME,Ambient,Watered,0,92.0666666666667,92.0666666666667,21.5666666666667,22.7333333333333,9.4,21.10931864,NA
16,PSME,Ambient_HW,Drought,4,43.96,43.96,21.58,12.66,4.75,5.03150077,9.6
16,PSME,Ambient_HW,Watered,0,97.4333333333333,97.4333333333333,21.4,23.7666666666667,9.96666666666667,18.65270311,NA
17,PIED,Ambient,Drought,9,85.72,42.86,19.06,22.96,9.92,45.6430888,8.1
17,PIED,Ambient,Watered,0,139.633333333333,139.633333333333,19.1666666666667,30.0333333333333,12.9,51.72449452,NA
17,PIED,Ambient_HW,Drought,10,96.675,38.67,19.075,24.675,10.55,49.95789449,7
17,PIED,Ambient_HW,Watered,0,147.8,147.8,18.9333333333333,31.3,13.2333333333333,18.57659818,NA
17,PIEN,Ambient,Drought,0,75.17,75.17,20.41,22.87,9.95,19.17185727,12.5
17,PIEN,Ambient,Watered,0,83.7,83.7,20.7333333333333,25,11,5.109794516,NA
17,PIEN,Ambient_HW,Drought,0,64.18,64.18,20.37,20.62,8.86,7.722665055,13.1
17,PIEN,Ambient_HW,Watered,0,79.1666666666667,79.1666666666667,20.3,24.0333333333333,10.5666666666667,7.629110914,NA
18,PIED,Ambient,Drought,10,65.7,13.14,21.4,17.35,6.8,28.73492648,8.1
18,PIED,Ambient,Watered,0,50.3333333333333,50.3333333333333,21.6,14.1,5.26666666666667,3.94630629,NA
18,PIED,Ambient_HW,Drought,10,54,5.4,21.3,15,5.7,17.07629936,7
18,PIED,Ambient_HW,Watered,0,58.8666666666667,58.8666666666667,21.4,16.0333333333333,6.16666666666667,11.21264168,NA
18,PIEN,Ambient,Drought,3,50.4,50.4,19.47,15.58,6.52,10.24879397,12.5
18,PIEN,Ambient,Watered,0,86.7666666666667,86.7666666666667,19.3333333333333,23.6,10.4666666666667,16.97773051,NA
18,PIEN,Ambient_HW,Drought,3,47.42,47.42,19.42,14.89,6.25,7.553189172,13.1
18,PIEN,Ambient_HW,Watered,0,69.1666666666667,69.1666666666667,19.5,20.0666666666667,8.73333333333333,15.19945174,NA
19,PIED,Ambient,Drought,10,NA,0,NA,NA,NA,0,8.1
19,PIED,Ambient_HW,Drought,10,NA,0,NA,NA,NA,0,7
19,PIEN,Ambient,Drought,5,22.8125,18.25,17.5625,12.9125,5.6875,9.760720602,12.5
19,PIEN,Ambient,Watered,0,31.1,31.1,17.5,16.5666666666667,7.46666666666667,2.696293753,NA
19,PIEN,Ambient_HW,Drought,4,23.1142857142857,16.18,17.6,12.9142857142857,5.62857142857143,11.81353273,13.1
19,PIEN,Ambient_HW,Watered,0,43.1333333333333,43.1333333333333,17.5,21,9.56666666666667,11.55782563,NA
19,PIFL,Ambient,Drought,0,45.07,45.07,21.08,23.34,10.86,16.93425522,16.4
19,PIFL,Ambient,Watered,0,55.5333333333333,55.5333333333333,20.9,27.1333333333333,12.6666666666667,11.6423079,NA
19,PIFL,Ambient_HW,Drought,0,36.14,36.14,20.88,19.85,9.19,17.27427117,16.2
19,PIFL,Ambient_HW,Watered,0,105.766666666667,105.766666666667,20.4,35.9333333333333,16.5666666666667,66.81783694,NA
19,PSME,Ambient,Drought,4,28.24,28.24,19.94,17.32,8.06,3.767757954,11.5
19,PSME,Ambient,Watered,0,58.8666666666667,58.8666666666667,19.9333333333333,27.8666666666667,13,18.50522449,NA
19,PSME,Ambient_HW,Drought,8,28.77,28.77,20.21,17.68,8.3,4.066680328,9.6
19,PSME,Ambient_HW,Watered,0,52.8666666666667,52.8666666666667,20.1333333333333,26.6666666666667,12.7333333333333,14.35142269,NA
20,PIED,Ambient,Drought,10,NA,0,NA,NA,NA,0,8.1
20,PIED,Ambient_HW,Drought,10,NA,0,NA,NA,NA,0,7
20,PIEN,Ambient,Drought,7,32.75,19.65,19.9333333333333,17.6166666666667,8.91666666666667,18.03455017,12.5
20,PIEN,Ambient,Watered,0,44.6,44.6,19.7333333333333,21.9,11,2.685144316,NA
20,PIEN,Ambient_HW,Drought,9,24.5833333333333,14.75,20.25,14.4666666666667,7.5,13.51149716,13.1
20,PIEN,Ambient_HW,Watered,0,43.4333333333333,43.4333333333333,20.1333333333333,22.0666666666667,11.4,4.82113403,NA
20,PIFL,Ambient,Drought,0,107.64,107.64,20.73,28.44,12.48,32.68398181,16.4
20,PIFL,Ambient,Watered,0,164.533333333333,164.533333333333,20.5,35.7333333333333,15.7333333333333,46.88649415,NA
20,PIFL,Ambient_HW,Drought,0,78.49,78.49,20.4,22.97,9.99,33.828241,16.2
20,PIFL,Ambient_HW,Watered,0,202.666666666667,202.666666666667,20.3333333333333,39,17.5,92.13079471,NA
20,PSME,Ambient,Drought,5,62.95,62.95,20.42,20.5,8.9,8.468667743,11.5
20,PSME,Ambient,Watered,0,98.2333333333333,98.2333333333333,20.4,26.4333333333333,11.6,49.33622739,NA
20,PSME,Ambient_HW,Drought,9,64.15,64.15,20.66,20.49,8.73,10.75063306,9.6
20,PSME,Ambient_HW,Watered,0,192.733333333333,192.733333333333,20.5,37.9333333333333,16.9333333333333,89.28842777,NA
21,PIED,Ambient,Drought,10,NA,0,NA,NA,NA,0,8.1
21,PIED,Ambient,Watered,0,201.333333333333,201.333333333333,19.3666666666667,34.1,14.4,132.7024617,NA
21,PIED,Ambient_HW,Drought,10,NA,0,NA,NA,NA,0,7
21,PIED,Ambient_HW,Watered,0,118.033333333333,118.033333333333,19.6666666666667,28.1,11.7666666666667,11.28819442,NA
21,PIEN,Ambient,Drought,10,48.52,24.26,20.24,16.4,6.98,26.01325303,12.5
21,PIEN,Ambient,Watered,0,67.2,67.2,19.9333333333333,20.7,8.86666666666667,13.81339929,NA
21,PIEN,Ambient_HW,Drought,10,45.4,22.7,20,15.72,6.82,24.84122917,13.1
21,PIEN,Ambient_HW,Watered,0,73.4666666666667,73.4666666666667,20.1666666666667,22.5333333333333,10.0333333333333,15.60715648,NA
21,PIFL,Ambient,Drought,0,75.51,75.51,19.15,20.6,8.84,28.65579057,16.4
21,PIFL,Ambient,Watered,0,148.733333333333,148.733333333333,18.7333333333333,31.7666666666667,14.3,54.68604331,NA
21,PIFL,Ambient_HW,Drought,0,53.58,53.58,18.7,16.21,6.93,13.50981536,16.2
21,PIFL,Ambient_HW,Watered,0,212.433333333333,212.433333333333,18.8,38.3666666666667,17.4333333333333,55.82959191,NA
21,PSME,Ambient,Drought,9,53.47,53.47,18.85,16.61,7.32,9.631320436,11.5
21,PSME,Ambient,Watered,0,121.833333333333,121.833333333333,19.0333333333333,28,12.7666666666667,71.81123403,NA
21,PSME,Ambient_HW,Drought,10,58.75,58.75,18.86,17.91,7.92,5.07964347,9.6
21,PSME,Ambient_HW,Watered,0,113.366666666667,113.366666666667,18.8333333333333,28.4666666666667,13.2,8.56757453,NA
22,PIED,Ambient,Drought,10,NA,0,NA,NA,NA,0,8.1
22,PIED,Ambient_HW,Drought,10,NA,0,NA,NA,NA,0,7
22,PIEN,Ambient,Drought,10,69.8,20.94,18.5,19.8666666666667,8.83333333333333,34.32994158,12.5
22,PIEN,Ambient,Watered,0,82.4333333333333,82.4333333333333,18.5,22.4,10.0333333333333,11.94333845,NA
22,PIEN,Ambient_HW,Drought,10,72.4333333333333,21.73,18.3333333333333,20.5,9.2,35.23877441,13.1
22,PIEN,Ambient_HW,Watered,0,89.2666666666667,89.2666666666667,18.2,23.4,10.4,14.50838838,NA
22,PIFL,Ambient,Drought,0,40,40,17.35,18.67,8.3,23.34523506,16.4
22,PIFL,Ambient,Watered,0,95.0333333333333,95.0333333333333,17.1,32.5333333333333,14.9,47.48203169,NA
22,PIFL,Ambient_HW,Drought,0,24.06,24.06,17.21,13.24,5.79,6.193580906,16.2
22,PIFL,Ambient_HW,Watered,0,121.3,121.3,17.4333333333333,37.1666666666667,16.8666666666667,45.87886224,NA
22,PSME,Ambient,Drought,10,27.2166666666667,16.33,17.6333333333333,15.05,6.78333333333333,14.4503787,11.5
22,PSME,Ambient,Watered,0,67.6333333333333,67.6333333333333,17.8666666666667,27.1666666666667,12.5333333333333,40.44617823,NA
22,PSME,Ambient_HW,Drought,10,27.85,5.57,17.5,15.35,6.95,11.79473046,9.6
22,PSME,Ambient_HW,Watered,0,79.5666666666667,79.5666666666667,17.5333333333333,30.2333333333333,13.7666666666667,28.33554893,NA
23,PIEN,Ambient,Drought,10,40,4,21.4,12.7,5.5,12.64911064,12.5
23,PIEN,Ambient,Watered,0,83.0333333333333,83.0333333333333,21.4,22.2333333333333,10.0666666666667,28.2278822,NA
23,PIEN,Ambient_HW,Drought,10,NA,0,NA,NA,NA,0,13.1
23,PIEN,Ambient_HW,Watered,0,83.5333333333333,83.5333333333333,21.2666666666667,22.4666666666667,10.1333333333333,17.91796119,NA
23,PIFL,Ambient,Drought,0,33.76,33.76,19.57,17.38,8.66,13.83868973,16.4
23,PIFL,Ambient,Watered,0,78.0666666666667,78.0666666666667,19.7333333333333,29.4,14.3666666666667,37.67842,NA
23,PIFL,Ambient_HW,Drought,0,27.55,27.55,19.75,15.09,7.56,11.58037132,16.2
23,PIFL,Ambient_HW,Watered,0,139.133333333333,139.133333333333,19.4333333333333,39.6,19.0333333333333,31.74182309,NA
23,PSME,Ambient,Drought,10,27.88,13.94,20,15.6,7.8,14.83098858,11.5
23,PSME,Ambient,Watered,0,73.2,73.2,20.7,28.8666666666667,14.1666666666667,24.63797881,NA
23,PSME,Ambient_HW,Drought,10,32.1,3.21,20.3,17.5,8.9,10.15091129,9.6
23,PSME,Ambient_HW,Watered,0,76.5333333333333,76.5333333333333,20.5666666666667,29.6666666666667,14.5,27.04483931,NA
24,PIEN,Ambient,Drought,10,NA,0,NA,NA,NA,0,12.5
24,PIEN,Ambient_HW,Drought,10,NA,0,NA,NA,NA,0,13.1
24,PIFL,Ambient,Drought,0,56.28,56.28,19.66,18.18,7.81,12.74631101,16.4
24,PIFL,Ambient,Watered,0,135.033333333333,135.033333333333,19.3333333333333,31.7666666666667,14.1,35.27326655,NA
24,PIFL,Ambient_HW,Drought,0,49.94,49.94,20.43,16.69,7.06,5.842982496,16.2
24,PIFL,Ambient_HW,Watered,0,205.733333333333,205.733333333333,20.2333333333333,39.3333333333333,17.6666666666667,58.98324621,NA
24,PSME,Ambient,Drought,10,63.6,6.36,19.4,20.1,8.9,20.11208592,11.5
24,PSME,Ambient,Watered,0,105.133333333333,105.133333333333,19.4333333333333,27.1,11.9666666666667,41.86983799,NA
24,PSME,Ambient_HW,Drought,10,NA,0,NA,NA,NA,0,9.6
24,PSME,Ambient_HW,Watered,0,112.6,112.6,19.5666666666667,28.9666666666667,12.8333333333333,20.97236277,NA
25,PIFL,Ambient,Drought,0,64.33,64.33,18.78,18.67,8.22,12.52429195,16.4
25,PIFL,Ambient,Watered,0,145.133333333333,145.133333333333,19.3,31.3666666666667,14.1,52.7598648,NA
25,PIFL,Ambient_HW,Drought,0,66.22,66.22,18.26,19.01,8.37,6.186688218,16.2
25,PIFL,Ambient_HW,Watered,0,208.5,208.5,18.4333333333333,37.6,16.9333333333333,41.07894838,NA
26,PIFL,Ambient,Drought,1,42.86,42.86,21.78,13.16,5.47,6.512586105,16.4
26,PIFL,Ambient,Watered,0,134,134,22.1333333333333,30.3,14.0666666666667,34.20570128,NA
26,PIFL,Ambient_HW,Drought,0,44.15,44.15,22.02,13.58,5.74,7.104654187,16.2
26,PIFL,Ambient_HW,Watered,0,230.3,230.3,21.7666666666667,38.7333333333333,17.6,87.29095028,NA
27,PIFL,Ambient,Drought,1,45.03,45.03,19.39,13.51,5.37,6.65316132,16.4
27,PIFL,Ambient,Watered,0,127.8,127.8,19.4333333333333,29.0333333333333,12.7666666666667,28.24305224,NA
27,PIFL,Ambient_HW,Drought,4,47.53,47.53,19.5,14.4,5.91,6.406949352,16.2
27,PIFL,Ambient_HW,Watered,0,215.5,215.5,19.6666666666667,38.4333333333333,17.1666666666667,27.33294715,NA
28,PIFL,Ambient,Drought,3,29.11,29.11,21.64,15.01,6.69,5.636675537,16.4
28,PIFL,Ambient,Watered,0,111.366666666667,111.366666666667,20.7666666666667,35,16.3,53.23723634,NA
28,PIFL,Ambient_HW,Drought,5,26.39,26.39,22.14,14,6.27,4.351615281,16.2
28,PIFL,Ambient_HW,Watered,0,155.2,155.2,22,41.8333333333333,19.5666666666667,25.9,NA
29,PIFL,Ambient,Drought,4,32.39,32.39,20.29,14.29,6.26,5.909399293,16.4
29,PIFL,Ambient,Watered,0,105.433333333333,105.433333333333,20.6333333333333,31.3666666666667,14.1,30.38426128,NA
29,PIFL,Ambient_HW,Drought,7,37.57,37.57,20.4,16.16,7.24,6.926126062,16.2
29,PIFL,Ambient_HW,Watered,0,168.8,168.8,20.1666666666667,39.9333333333333,18.5,50.20687204,NA
30,PIFL,Ambient,Drought,5,66.9333333333333,60.24,21.4,20.3,8.86666666666667,22.56581485,16.4
30,PIFL,Ambient,Watered,0,156.833333333333,156.833333333333,21.2333333333333,33.6,15.1,61.02821752,NA
30,PIFL,Ambient_HW,Drought,8,71,49.7,21.2285714285714,21.2857142857143,9.42857142857143,35.12045937,16.2
30,PIFL,Ambient_HW,Watered,0,232.066666666667,232.066666666667,21.1,40.5333333333333,18.0666666666667,63.22858004,NA
31,PIFL,Ambient,Drought,6,45.7,41.13,22.2222222222222,14.0666666666667,6,15.08737883,16.4
31,PIFL,Ambient,Watered,0,169.7,169.7,22.2333333333333,33.4,15.2,70.77845717,NA
31,PIFL,Ambient_HW,Drought,9,51.22,25.61,22.22,15.54,6.76,27.5446486,16.2
31,PIFL,Ambient_HW,Watered,0,228.2,228.2,22.2333333333333,38.9333333333333,17.5333333333333,51.24851217,NA
32,PIFL,Ambient,Drought,7,25.9,15.54,20.7,14,6.4,13.54172154,16.4
32,PIFL,Ambient,Watered,0,87.3666666666667,87.3666666666667,20.8333333333333,31.1333333333333,14.3666666666667,33.73904761,NA
32,PIFL,Ambient_HW,Drought,10,30.1,9.03,20.9,15.8666666666667,7.3,14.63846152,16.2
32,PIFL,Ambient_HW,Watered,0,121.1,121.1,21.0333333333333,37.0666666666667,17.1333333333333,30.89190833,NA
33,PIFL,Ambient,Drought,8,50.82,25.41,22.84,14.74,5.96,27.37831461,16.4
33,PIFL,Ambient,Watered,0,163.7,163.7,22.2333333333333,32.5333333333333,14.3666666666667,53.25889597,NA
33,PIFL,Ambient_HW,Drought,10,51.35,10.27,22.8,15.1,6.3,21.86351857,16.2
33,PIFL,Ambient_HW,Watered,0,193.566666666667,193.566666666667,23,35.7333333333333,15.6333333333333,19.52955026,NA
34,PIFL,Ambient,Drought,9,46.7,23.35,22.3,14.34,6.1,24.70057354,16.4
34,PIFL,Ambient,Watered,0,163.233333333333,163.233333333333,22.5,33.5333333333333,15.4333333333333,41.7891533,NA
34,PIFL,Ambient_HW,Drought,10,52.2,5.22,22,16.1,7.2,16.50708939,16.2
34,PIFL,Ambient_HW,Watered,0,198.466666666667,198.466666666667,22.0333333333333,36.7666666666667,16.6666666666667,30.92463958,NA
35,PIFL,Ambient,Drought,10,60.425,24.17,23.65,17.125,7.2,31.65803567,16.4
35,PIFL,Ambient,Watered,0,173.666666666667,173.666666666667,23.5,33.2,14.8333333333333,79.33551117,NA
35,PIFL,Ambient_HW,Drought,10,76.2,7.62,23.6,20.8,9.2,24.09655577,16.2
35,PIFL,Ambient_HW,Watered,0,201.133333333333,201.133333333333,23.5666666666667,36.6666666666667,16.3666666666667,30.21164235,NA
36,PIFL,Ambient,Drought,10,30.1666666666667,9.05,22.4,15.8,7.26666666666667,14.58364762,16.4
36,PIFL,Ambient,Watered,0,103.433333333333,103.433333333333,22.4666666666667,33.8333333333333,16,50.44921539,NA
36,PIFL,Ambient_HW,Drought,10,NA,0,NA,NA,NA,0,16.2
36,PIFL,Ambient_HW,Watered,0,132.566666666667,132.566666666667,22.9,39.2,18.5666666666667,29.43914627,NA
