Week,Species,Treatment_temp,Treatment_water,Dead_Count,Weight_g,Weight_Est,WeightMin,WeightMax,WaterWeight_Base,WaterWeight_Calc,PercentWater,SD_Weight_Total,SD_Weight_Water,Stress_Week_Avg_Weight
1,PIED,Ambient,Drought,0,772,772,394,772,378,378,100,69.9943606750986,25.9726576878151,4.32148659959598
1,PIED,Ambient,Watered,0,775,775,NA,NA,NA,NA,NA,43.872542666228,NA,4.32148659959598
1,PIED,Ambient_HW,Drought,0,758,758,385,758,373,373,100,50.4970035588356,24.7015874196909,3.79323880382056
1,PIED,Ambient_HW,Watered,0,780,780,NA,NA,NA,NA,NA,44.2119893241641,NA,3.79323880382056
1,PIEN,Ambient,Drought,0,676,676,313,676,363,363,100,51.4693572608218,21.7992636283165,7.66893041629714
1,PIEN,Ambient,Watered,0,661,661,NA,NA,NA,NA,NA,41.6052881254294,NA,7.66893041629714
1,PIEN,Ambient_HW,Drought,0,816,816,396,816,421,421,100,41.144002568642,23.7093696779631,7.50704013715058
1,PIEN,Ambient_HW,Watered,0,813,813,NA,NA,NA,NA,NA,37.0513157661101,NA,7.50704013715058
1,PIFL,Ambient,Drought,0,759,759,365,759,394,394,100,56.5885193861422,33.6960094466923,11.4761431218887
1,PIFL,Ambient,Watered,0,773,773,NA,NA,NA,NA,NA,38.2922968754814,NA,11.4761431218887
1,PIFL,Ambient_HW,Drought,0,706,706,348,706,358,358,100,45.3647208162559,45.4492197837033,9.3772157592602
1,PIFL,Ambient_HW,Watered,0,678,678,NA,NA,NA,NA,NA,54.0758726235647,NA,9.3772157592602
1,PIPO,Ambient,Drought,0,675,675,334,675,341,341,100,78.0596263324255,56.8437146458326,4.39062710385188
1,PIPO,Ambient,Watered,0,677,677,NA,NA,NA,NA,NA,57.3524193038097,NA,4.39062710385188
1,PIPO,Ambient_HW,Drought,0,695,695,343,695,352,352,100,53.3912076341375,37.6603938263781,4.21877126335912
1,PIPO,Ambient_HW,Watered,0,747,747,NA,NA,NA,NA,NA,39.6080799837609,NA,4.21877126335912
1,PSME,Ambient,Drought,0,707,707,349,707,358,358,100,45.7741595685877,29.6886918043324,7.81970030857376
1,PSME,Ambient,Watered,0,718,718,NA,NA,NA,NA,NA,44.3700349334999,NA,7.81970030857376
1,PSME,Ambient_HW,Drought,0,698,698,360,698,338,338,100,59.6202676594921,42.2498832137906,6.9568851990617
1,PSME,Ambient_HW,Watered,0,681,681,NA,NA,NA,NA,NA,36.4938350958076,NA,6.9568851990617
2,PIED,Ambient,Drought,0,737,737,394,772,378,343,91,71.3002054572469,32.6463416898585,4.32148659959598
2,PIED,Ambient,Watered,0,776,776,NA,NA,NA,NA,NA,45.4059467470947,NA,4.32148659959598
2,PIED,Ambient_HW,Drought,0,720,720,385,758,373,335,90,52.1158628240456,33.8990762178124,3.79323880382056
2,PIED,Ambient_HW,Watered,0,778,778,NA,NA,NA,NA,NA,43.5717798580687,NA,3.79323880382056
2,PIEN,Ambient,Drought,0,658,658,313,676,363,345,95,51.9051767015685,21.9436479239557,7.66893041629714
2,PIEN,Ambient,Watered,0,668,668,NA,NA,NA,NA,NA,43.0267358743375,NA,7.66893041629714
2,PIEN,Ambient_HW,Drought,0,796,796,396,816,421,400,95,43.7228111004578,27.4885622147027,7.50704013715058
2,PIEN,Ambient_HW,Watered,0,825,825,NA,NA,NA,NA,NA,31.9812445036149,NA,7.50704013715058
2,PIFL,Ambient,Drought,0,750,750,365,759,394,385,98,55.5464717719838,33.1079176410465,11.4761431218887
2,PIFL,Ambient,Watered,0,767,767,NA,NA,NA,NA,NA,36.0735360063302,NA,11.4761431218887
2,PIFL,Ambient_HW,Drought,0,698,698,348,706,358,350,98,45.773210965643,45.2888681570578,9.3772157592602
2,PIFL,Ambient_HW,Watered,0,670,670,NA,NA,NA,NA,NA,56.2601102025227,NA,9.3772157592602
2,PIPO,Ambient,Drought,0,640,640,334,675,341,307,90,79.9647948853283,56.9685739776996,4.39062710385188
2,PIPO,Ambient,Watered,0,671,671,NA,NA,NA,NA,NA,55.3380520076376,NA,4.39062710385188
2,PIPO,Ambient_HW,Drought,0,660,660,343,695,352,317,90,54.2812122193305,38.241992625908,4.21877126335912
2,PIPO,Ambient_HW,Watered,0,747,747,NA,NA,NA,NA,NA,36.4856136031724,NA,4.21877126335912
2,PSME,Ambient,Drought,0,700,700,349,707,358,350,98,45.3527402990335,29.4948702051908,7.81970030857376
2,PSME,Ambient,Watered,0,711,711,NA,NA,NA,NA,NA,44.0318066856222,NA,7.81970030857376
2,PSME,Ambient_HW,Drought,0,691,691,360,698,338,331,98,59.0408199557953,41.7535375116509,6.9568851990617
2,PSME,Ambient_HW,Watered,0,674,674,NA,NA,NA,NA,NA,36.2725791749084,NA,6.9568851990617
3,PIED,Ambient,Drought,0,691,691,394,772,378,297,78,75.3121379902003,48.3061024319262,4.32148659959598
3,PIED,Ambient,Watered,0,716,716,NA,NA,NA,NA,NA,67.0164158993899,NA,4.32148659959598
3,PIED,Ambient_HW,Drought,0,664,664,385,758,373,279,75,60.6959636219741,49.7373099393202,3.79323880382056
3,PIED,Ambient_HW,Watered,0,719,719,NA,NA,NA,NA,NA,48.3993801613202,NA,3.79323880382056
3,PIEN,Ambient,Drought,0,628,628,313,676,363,316,87,52.9409800477952,23.5109716828906,7.66893041629714
3,PIEN,Ambient,Watered,0,636,636,NA,NA,NA,NA,NA,45.0965630619452,NA,7.66893041629714
3,PIEN,Ambient_HW,Drought,0,767,767,396,816,421,372,88,47.3051404795449,32.3749009346178,7.50704013715058
3,PIEN,Ambient_HW,Watered,0,792,792,NA,NA,NA,NA,NA,34.2417873365279,NA,7.50704013715058
3,PIFL,Ambient,Drought,0,743,743,365,759,394,378,96,56.2889864893657,34.0887386868913,11.4761431218887
3,PIFL,Ambient,Watered,0,769,769,NA,NA,NA,NA,NA,37.9170146504178,NA,11.4761431218887
3,PIFL,Ambient_HW,Drought,0,689,689,348,706,358,341,95,46.9831716793644,45.7110777774813,9.3772157592602
3,PIFL,Ambient_HW,Watered,0,683,683,NA,NA,NA,NA,NA,52.562343935559,NA,9.3772157592602
3,PIPO,Ambient,Drought,0,601,601,334,675,341,268,78,83.1044998464995,58.9801706195887,4.39062710385188
3,PIPO,Ambient,Watered,0,630,630,NA,NA,NA,NA,NA,61.4263786984061,NA,4.39062710385188
3,PIPO,Ambient_HW,Drought,0,618,618,343,695,352,275,78,59.3094250076397,43.5192334975069,4.21877126335912
3,PIPO,Ambient_HW,Watered,0,711,711,NA,NA,NA,NA,NA,40.9426428067364,NA,4.21877126335912
3,PSME,Ambient,Drought,0,671,671,349,707,358,322,90,46.8312760989131,35.2038798699055,7.81970030857376
3,PSME,Ambient,Watered,0,739,739,NA,NA,NA,NA,NA,41.3315859845712,NA,7.81970030857376
3,PSME,Ambient_HW,Drought,0,659,659,360,698,338,300,88,65.0998221357421,49.6324384588187,6.9568851990617
3,PSME,Ambient_HW,Watered,0,701,701,NA,NA,NA,NA,NA,34.2447076203024,NA,6.9568851990617
4,PIED,Ambient,Drought,0,631,631,394,772,378,238,62,87.3596451591877,66.8462930953153,4.32148659959598
4,PIED,Ambient,Watered,0,641,641,NA,NA,NA,NA,NA,99.6353350975446,NA,4.32148659959598
4,PIED,Ambient_HW,Drought,0,595,595,385,758,373,210,56,71.1547424169398,63.5020720756003,3.79323880382056
4,PIED,Ambient_HW,Watered,0,651,651,NA,NA,NA,NA,NA,53.6376733276155,NA,3.79323880382056
4,PIEN,Ambient,Drought,0,608,608,313,676,363,295,81,53.3719816106975,24.9493697842567,7.66893041629714
4,PIEN,Ambient,Watered,0,660,660,NA,NA,NA,NA,NA,39.8020099994963,NA,7.66893041629714
4,PIEN,Ambient_HW,Drought,0,744,744,396,816,421,348,83,50.3439747087344,35.8947291248641,7.50704013715058
4,PIEN,Ambient_HW,Watered,0,817,817,NA,NA,NA,NA,NA,32.6527181104422,NA,7.50704013715058
4,PIFL,Ambient,Drought,0,737,737,365,759,394,372,94,56.4520290064703,35.8465663040336,11.4761431218887
4,PIFL,Ambient,Watered,0,764,764,NA,NA,NA,NA,NA,36.8483378186859,NA,11.4761431218887
4,PIFL,Ambient_HW,Drought,0,688,688,348,706,358,339,95,47.363654730961,45.601939016946,9.3772157592602
4,PIFL,Ambient_HW,Watered,0,673,673,NA,NA,NA,NA,NA,53.6982308833354,NA,9.3772157592602
4,PIPO,Ambient,Drought,0,552,552,334,675,341,218,63,86.9354872728532,62.2788931044522,4.39062710385188
4,PIPO,Ambient,Watered,0,580,580,NA,NA,NA,NA,NA,74.6176922720074,NA,4.39062710385188
4,PIPO,Ambient_HW,Drought,1,566,566,343,695,352,223,63,69.1751400432265,54.9491631084204,4.21877126335912
4,PIPO,Ambient_HW,Watered,0,666,666,NA,NA,NA,NA,NA,51.9442008312766,NA,4.21877126335912
4,PSME,Ambient,Drought,0,649,649,349,707,358,300,83,48.0780888927477,39.4521695754559,7.81970030857376
4,PSME,Ambient,Watered,0,716,716,NA,NA,NA,NA,NA,39.034600036378,NA,7.81970030857376
4,PSME,Ambient_HW,Drought,0,637,637,360,698,338,278,82,70.5343514668002,55.6362954232312,6.9568851990617
4,PSME,Ambient_HW,Watered,0,681,681,NA,NA,NA,NA,NA,36.7967389859482,NA,6.9568851990617
5,PIED,Ambient,Drought,0,569,569,394,772,378,175,46,91.0811924918146,70.2823461982773,4.32148659959598
5,PIED,Ambient,Watered,0,650,650,NA,NA,NA,NA,NA,100.478853496644,NA,4.32148659959598
5,PIED,Ambient_HW,Drought,0,538,538,385,758,373,153,40,70.156573012385,60.5546947199933,3.79323880382056
5,PIED,Ambient_HW,Watered,0,677,677,NA,NA,NA,NA,NA,63.7079272932341,NA,3.79323880382056
5,PIEN,Ambient,Drought,0,582,582,313,676,363,270,74,54.5271540272898,27.0890830603886,7.66893041629714
5,PIEN,Ambient,Watered,0,660,660,NA,NA,NA,NA,NA,38.2922968754814,NA,7.66893041629714
5,PIEN,Ambient_HW,Drought,0,712,712,396,816,421,317,75,53.3651768971411,39.5898711129102,7.50704013715058
5,PIEN,Ambient_HW,Watered,0,815,815,NA,NA,NA,NA,NA,24.7891105124811,NA,7.50704013715058
5,PIFL,Ambient,Drought,0,729,729,365,759,394,364,92,57.1675975577627,37.1449507796289,11.4761431218887
5,PIFL,Ambient,Watered,0,766,766,NA,NA,NA,NA,NA,34.4862291357,NA,11.4761431218887
5,PIFL,Ambient_HW,Drought,0,682,682,348,706,358,334,93,49.5988911166369,47.0434010138231,9.3772157592602
5,PIFL,Ambient_HW,Watered,0,679,679,NA,NA,NA,NA,NA,51.4130333670364,NA,9.3772157592602
5,PIPO,Ambient,Drought,1,494,494,334,675,341,161,46,83.4587197046351,59.7366809643085,4.39062710385188
5,PIPO,Ambient,Watered,0,592,592,NA,NA,NA,NA,NA,73.5662966309981,NA,4.39062710385188
5,PIPO,Ambient_HW,Drought,2,514,514,343,695,352,171,48,79.3284146344868,66.215338499713,4.21877126335912
5,PIPO,Ambient_HW,Watered,0,689,689,NA,NA,NA,NA,NA,49.0336619068982,NA,4.21877126335912
5,PSME,Ambient,Drought,0,622,622,349,707,358,273,76,50.7009809933123,45.3829031104979,7.81970030857376
5,PSME,Ambient,Watered,0,739,739,NA,NA,NA,NA,NA,44.3925669453795,NA,7.81970030857376
5,PSME,Ambient_HW,Drought,0,610,610,360,698,338,250,73,77.9537649744014,63.8225129393597,6.9568851990617
5,PSME,Ambient_HW,Watered,0,706,706,NA,NA,NA,NA,NA,32.2676308395891,NA,6.9568851990617
6,PIED,Ambient,Drought,0,537,537,394,772,378,143,38,86.6339006886912,63.4754637866001,4.32148659959598
6,PIED,Ambient,Watered,0,604,604,NA,NA,NA,NA,NA,103.50362312499,NA,4.32148659959598
6,PIED,Ambient_HW,Drought,0,509,509,385,758,373,125,33,65.2326000191864,53.8900195817956,3.79323880382056
6,PIED,Ambient_HW,Watered,0,628,628,NA,NA,NA,NA,NA,64.0804182258512,NA,3.79323880382056
6,PIEN,Ambient,Drought,0,561,561,313,676,363,248,68,55.033004451396,28.0681032678133,7.66893041629714
6,PIEN,Ambient,Watered,0,659,659,NA,NA,NA,NA,NA,39.8271264341278,NA,7.66893041629714
6,PIEN,Ambient_HW,Drought,0,685,685,396,816,421,289,68,57.1354807269068,43.851423790124,7.50704013715058
6,PIEN,Ambient_HW,Watered,0,810,810,NA,NA,NA,NA,NA,25.3475837112732,NA,7.50704013715058
6,PIFL,Ambient,Drought,0,718,718,365,759,394,353,90,57.0453190108762,38.2254737329083,11.4761431218887
6,PIFL,Ambient,Watered,0,747,747,NA,NA,NA,NA,NA,29.4788059459674,NA,11.4761431218887
6,PIFL,Ambient_HW,Drought,0,667,667,348,706,358,319,89,51.7810166394068,49.066013534936,9.3772157592602
6,PIFL,Ambient_HW,Watered,0,667,667,NA,NA,NA,NA,NA,51.9162787572453,NA,9.3772157592602
6,PIPO,Ambient,Drought,1,463,463,334,675,341,130,37,76.0855474207539,51.9202576832467,4.39062710385188
6,PIPO,Ambient,Watered,0,548,548,NA,NA,NA,NA,NA,75.6174583016383,NA,4.39062710385188
6,PIPO,Ambient_HW,Drought,2,485,485,343,695,352,142,40,77.5232393000895,64.7103668583896,4.21877126335912
6,PIPO,Ambient_HW,Watered,0,648,648,NA,NA,NA,NA,NA,49.1049895631798,NA,4.21877126335912
6,PSME,Ambient,Drought,0,583,583,349,707,358,234,65,55.66147680398,52.340861566024,7.81970030857376
6,PSME,Ambient,Watered,0,698,698,NA,NA,NA,NA,NA,40.9145450909576,NA,7.81970030857376
6,PSME,Ambient_HW,Drought,0,569,569,360,698,338,209,60,86.1974477580398,72.8556431365622,6.9568851990617
6,PSME,Ambient_HW,Watered,0,663,663,NA,NA,NA,NA,NA,39.2402854219997,NA,6.9568851990617
7,PIED,Ambient,Drought,0,504,504,394,772,378,110,29,80.9156300184739,52.8503901848421,4.32148659959598
7,PIED,Ambient,Watered,0,648,648,NA,NA,NA,NA,NA,83.5505834809069,NA,4.32148659959598
7,PIED,Ambient_HW,Drought,0,479,479,385,758,373,94,25,57.9624197671488,42.3425877438083,3.79323880382056
7,PIED,Ambient_HW,Watered,0,666,666,NA,NA,NA,NA,NA,63.6616053834648,NA,3.79323880382056
7,PIEN,Ambient,Drought,0,534,534,313,676,363,221,61,56.0966271619548,30.7459453895101,7.66893041629714
7,PIEN,Ambient,Watered,0,625,625,NA,NA,NA,NA,NA,41.0158505946177,NA,7.66893041629714
7,PIEN,Ambient_HW,Drought,0,658,658,396,816,421,262,62,59.5649799975226,46.8528210688029,7.50704013715058
7,PIEN,Ambient_HW,Watered,0,774,774,NA,NA,NA,NA,NA,24.4642596454501,NA,7.50704013715058
7,PIFL,Ambient,Drought,0,706,706,365,759,394,341,87,55.6554012132742,37.9360958510632,11.4761431218887
7,PIFL,Ambient,Watered,0,764,764,NA,NA,NA,NA,NA,33.9661596298433,NA,11.4761431218887
7,PIFL,Ambient_HW,Drought,0,660,660,348,706,358,312,87,52.1672159603388,48.9068663783253,9.3772157592602
7,PIFL,Ambient_HW,Watered,0,673,673,NA,NA,NA,NA,NA,51.7754768205953,NA,9.3772157592602
7,PIPO,Ambient,Drought,1,432,432,334,675,341,99,28,64.5309187419814,40.7051011933135,4.39062710385188
7,PIPO,Ambient,Watered,0,599,599,NA,NA,NA,NA,NA,52.7939390460685,NA,4.39062710385188
7,PIPO,Ambient_HW,Drought,3,452,452,343,695,352,109,30,70.2595938382495,57.1396258484886,4.21877126335912
7,PIPO,Ambient_HW,Watered,0,671,671,NA,NA,NA,NA,NA,35.6328500123131,NA,4.21877126335912
7,PSME,Ambient,Drought,0,560,560,349,707,358,211,58,57.0127178794346,54.6670303796202,7.81970030857376
7,PSME,Ambient,Watered,0,743,743,NA,NA,NA,NA,NA,35.6623050292602,NA,7.81970030857376
7,PSME,Ambient_HW,Drought,0,548,548,360,698,338,188,54,91.1340828265231,78.6112855163069,6.9568851990617
7,PSME,Ambient_HW,Watered,0,704,704,NA,NA,NA,NA,NA,33.1767991222782,NA,6.9568851990617
8,PIED,Ambient,Drought,0,466,466,394,772,378,72,19,73.1423749788306,35.6805187070575,4.32148659959598
8,PIED,Ambient,Watered,0,561,561,NA,NA,NA,NA,NA,98.508882848198,NA,4.32148659959598
8,PIED,Ambient_HW,Drought,0,433,433,385,758,373,48,13,44.4217526135919,18.9222091733497,3.79323880382056
8,PIED,Ambient_HW,Watered,0,489,489,NA,NA,NA,NA,NA,41.4632367284562,NA,3.79323880382056
8,PIEN,Ambient,Drought,0,489,489,313,676,363,177,49,55.508060106998,31.8902723990281,7.66893041629714
8,PIEN,Ambient,Watered,0,593,593,NA,NA,NA,NA,NA,38.2975195019207,NA,7.66893041629714
8,PIEN,Ambient_HW,Drought,0,565,565,396,816,421,170,40,55.5092216141654,42.282384038746,7.50704013715058
8,PIEN,Ambient_HW,Watered,0,685,685,NA,NA,NA,NA,NA,26.7058046124808,NA,7.50704013715058
8,PIFL,Ambient,Drought,0,680,680,365,759,394,315,80,54.2843148810525,38.2359709394728,11.4761431218887
8,PIFL,Ambient,Watered,0,750,750,NA,NA,NA,NA,NA,30.9548057658258,NA,11.4761431218887
8,PIFL,Ambient_HW,Drought,1,581,581,348,706,358,232,64,56.4475536740918,50.7059635234565,9.3772157592602
8,PIFL,Ambient_HW,Watered,0,608,608,NA,NA,NA,NA,NA,50.0849278725646,NA,9.3772157592602
8,PIPO,Ambient,Drought,1,400,400,334,675,341,67,19,57.554916567159,32.8381597663771,4.39062710385188
8,PIPO,Ambient,Watered,0,515,515,NA,NA,NA,NA,NA,61.0794564481381,NA,4.39062710385188
8,PIPO,Ambient_HW,Drought,3,400,400,343,695,352,57,16,54.1715355436589,39.9134260487291,4.21877126335912
8,PIPO,Ambient_HW,Watered,0,558,558,NA,NA,NA,NA,NA,38.2792371919818,NA,4.21877126335912
8,PSME,Ambient,Drought,0,506,506,349,707,358,157,43,61.7924369414081,60.8569288534484,7.81970030857376
8,PSME,Ambient,Watered,0,713,713,NA,NA,NA,NA,NA,44.0079538265528,NA,7.81970030857376
8,PSME,Ambient_HW,Drought,0,449,449,360,698,338,90,25,74.7957921698526,61.9265056761897,6.9568851990617
8,PSME,Ambient_HW,Watered,0,558,558,NA,NA,NA,NA,NA,45.5466793520669,NA,6.9568851990617
9,PIED,Ambient,Drought,0,449,449,394,772,378,55,14,70.7675132788521,27.5006645321091,4.32148659959598
9,PIED,Ambient,Watered,0,621,621,NA,NA,NA,NA,NA,92.2713389953782,NA,4.32148659959598
9,PIED,Ambient_HW,Drought,0,422,422,385,758,373,37,10,43.1483365538977,15.2163347132371,3.79323880382056
9,PIED,Ambient_HW,Watered,0,559,559,NA,NA,NA,NA,NA,39.6648458965871,NA,3.79323880382056
9,PIEN,Ambient,Drought,0,456,456,313,676,363,144,40,53.5787664147498,30.9724410607746,7.66893041629714
9,PIEN,Ambient,Watered,0,540,540,NA,NA,NA,NA,NA,40.1895508807949,NA,7.66893041629714
9,PIEN,Ambient_HW,Drought,0,535,535,396,816,421,139,33,52.4218465909014,39.0725034559572,7.50704013715058
9,PIEN,Ambient_HW,Watered,0,640,640,NA,NA,NA,NA,NA,24.5193800900431,NA,7.50704013715058
9,PIFL,Ambient,Drought,0,662,662,365,759,394,296,75,53.6661218235392,38.6393241196201,11.4761431218887
9,PIFL,Ambient,Watered,0,736,736,NA,NA,NA,NA,NA,28.1780056072107,NA,11.4761431218887
9,PIFL,Ambient_HW,Drought,1,558,558,348,706,358,210,58,57.8117407489262,50.8366579298215,9.3772157592602
9,PIFL,Ambient_HW,Watered,0,590,590,NA,NA,NA,NA,NA,49.9719921556065,NA,9.3772157592602
9,PIPO,Ambient,Drought,1,378,378,334,675,341,45,13,54.4009239472621,28.9793029591811,4.39062710385188
9,PIPO,Ambient,Watered,0,561,561,NA,NA,NA,NA,NA,50.4103164044821,NA,4.39062710385188
9,PIPO,Ambient_HW,Drought,3,381,381,343,695,352,38,10,48.286725864743,33.598676352374,4.21877126335912
9,PIPO,Ambient_HW,Watered,0,627,627,NA,NA,NA,NA,NA,37.5805800913184,NA,4.21877126335912
9,PSME,Ambient,Drought,0,469,469,349,707,358,120,33,58.3305237418626,56.6991135176222,7.81970030857376
9,PSME,Ambient,Watered,0,712,712,NA,NA,NA,NA,NA,49.5126246527085,NA,7.81970030857376
9,PSME,Ambient_HW,Drought,0,432,432,360,698,338,72,20,65.6508107137179,51.7818297739356,6.9568851990617
9,PSME,Ambient_HW,Watered,0,638,638,NA,NA,NA,NA,NA,44.4162132559722,NA,6.9568851990617
10,PIED,Ambient,Drought,1,431,431,394,772,378,38,10,68.8120161545312,20.4460493903471,4.32148659959598
10,PIED,Ambient,Watered,0,602,602,NA,NA,NA,NA,NA,86.6562173187822,NA,4.32148659959598
10,PIED,Ambient_HW,Drought,0,411,411,385,758,373,26,7,41.7232422921376,12.296661934722,3.79323880382056
10,PIED,Ambient_HW,Watered,0,589,589,NA,NA,NA,NA,NA,37.8919516520329,NA,3.79323880382056
10,PIEN,Ambient,Drought,0,433,433,313,676,363,120,33,51.3322254380331,29.3004400901025,7.66893041629714
10,PIEN,Ambient,Watered,0,627,627,NA,NA,NA,NA,NA,38.4408636739603,NA,7.66893041629714
10,PIEN,Ambient_HW,Drought,0,511,511,396,816,421,115,27,49.1565437095987,35.9696875306505,7.50704013715058
10,PIEN,Ambient_HW,Watered,0,756,756,NA,NA,NA,NA,NA,17.7397857935207,NA,7.50704013715058
10,PIFL,Ambient,Drought,0,635,635,365,759,394,270,68,54.4127500538344,40.5544143875336,11.4761431218887
10,PIFL,Ambient,Watered,0,707,707,NA,NA,NA,NA,NA,25.0139960821937,NA,11.4761431218887
10,PIFL,Ambient_HW,Drought,1,538,538,348,706,358,189,52,58.8480648521437,50.8000207210899,9.3772157592602
10,PIFL,Ambient_HW,Watered,0,568,568,NA,NA,NA,NA,NA,50.2722587517211,NA,9.3772157592602
10,PIPO,Ambient,Drought,9,359,359,334,675,341,25,7,48.5986787777957,22.9884982682988,4.39062710385188
10,PIPO,Ambient,Watered,0,544,544,NA,NA,NA,NA,NA,40.6115747047563,NA,4.39062710385188
10,PIPO,Ambient_HW,Drought,14,365,365,343,695,352,22,6,41.6151225043569,25.5719315697999,4.21877126335912
10,PIPO,Ambient_HW,Watered,0,618,618,NA,NA,NA,NA,NA,31.9327418177644,NA,4.21877126335912
10,PSME,Ambient,Drought,0,439,439,349,707,358,89,24,54.047225937868,50.3005702594022,7.81970030857376
10,PSME,Ambient,Watered,0,652,652,NA,NA,NA,NA,NA,54.9681726092473,NA,7.81970030857376
10,PSME,Ambient_HW,Drought,0,416,416,360,698,338,56,16,57.9466860230387,42.3706700939521,6.9568851990617
10,PSME,Ambient_HW,Watered,0,581,581,NA,NA,NA,NA,NA,51.39357936552,NA,6.9568851990617
11,PIED,Ambient,Drought,1,419,419,394,772,378,25,6,65.9742108041322,14.8794375168792,4.32148659959598
11,PIED,Ambient,Watered,0,588,588,NA,NA,NA,NA,NA,87.0936277806821,NA,4.32148659959598
11,PIED,Ambient_HW,Drought,0,401,401,385,758,373,16,4,41.8073274866852,10.0551112951521,3.79323880382056
11,PIED,Ambient_HW,Watered,0,589,589,NA,NA,NA,NA,NA,36.5472297171756,NA,3.79323880382056
11,PIEN,Ambient,Drought,0,408,408,313,676,363,96,26,47.1328190497762,24.2228687075056,7.66893041629714
11,PIEN,Ambient,Watered,0,575,575,NA,NA,NA,NA,NA,43.8200867183076,NA,7.66893041629714
11,PIEN,Ambient_HW,Drought,0,487,487,396,816,421,92,22,43.5280913530803,29.3623460987206,7.50704013715058
11,PIEN,Ambient_HW,Watered,0,707,707,NA,NA,NA,NA,NA,17.7115781340907,NA,7.50704013715058
11,PIFL,Ambient,Drought,0,603,603,365,759,394,238,60,53.2830327491535,40.6802680734323,11.4761431218887
11,PIFL,Ambient,Watered,0,703,703,NA,NA,NA,NA,NA,28.9603176778156,NA,11.4761431218887
11,PIFL,Ambient_HW,Drought,1,502,502,348,706,358,154,42,59.9027940654032,51.203695384734,9.3772157592602
11,PIFL,Ambient_HW,Watered,0,568,568,NA,NA,NA,NA,NA,49.6356726558631,NA,9.3772157592602
11,PIPO,Ambient,Drought,12,346,346,334,675,341,12,3,41.5518382644847,14.8007823406311,4.39062710385188
11,PIPO,Ambient,Watered,1,554,554,NA,NA,NA,NA,NA,40.8937648058968,NA,4.39062710385188
11,PIPO,Ambient_HW,Drought,18,357,357,343,695,352,14,4,35.4817966672608,18.9461841735174,4.21877126335912
11,PIPO,Ambient_HW,Watered,0,610,610,NA,NA,NA,NA,NA,29.6951174437819,NA,4.21877126335912
11,PSME,Ambient,Drought,0,413,413,349,707,358,64,17,46.5635954480819,39.2622424755709,7.81970030857376
11,PSME,Ambient,Watered,0,678,678,NA,NA,NA,NA,NA,49.252411108493,NA,7.81970030857376
11,PSME,Ambient_HW,Drought,0,399,399,360,698,338,40,11,49.3508118634227,31.2167296577703,6.9568851990617
11,PSME,Ambient_HW,Watered,0,631,631,NA,NA,NA,NA,NA,36.5280713972145,NA,6.9568851990617
12,PIED,Ambient,Drought,3,410,410,394,772,378,16,4,63.4725616457328,10.3880835913923,4.32148659959598
12,PIED,Ambient,Watered,0,528,528,NA,NA,NA,NA,NA,82.2708940026787,NA,4.32148659959598
12,PIED,Ambient_HW,Drought,5,395,395,385,758,373,10,3,40.5019817578818,7.63923391033696,3.79323880382056
12,PIED,Ambient_HW,Watered,0,508,508,NA,NA,NA,NA,NA,33.9529085646576,NA,3.79323880382056
12,PIEN,Ambient,Drought,0,391,391,313,676,363,78,22,45.3483302077549,21.7459010051622,7.66893041629714
12,PIEN,Ambient,Watered,0,601,601,NA,NA,NA,NA,NA,43.3970045049195,NA,7.66893041629714
12,PIEN,Ambient_HW,Drought,0,471,471,396,816,421,75,18,39.7927525800206,24.5830493590497,7.50704013715058
12,PIEN,Ambient_HW,Watered,0,720,720,NA,NA,NA,NA,NA,24.667792767088,NA,7.50704013715058
12,PIFL,Ambient,Drought,0,571,571,365,759,394,206,52,54.258057854159,43.38138698615,11.4761431218887
12,PIFL,Ambient,Watered,0,666,666,NA,NA,NA,NA,NA,31.3799298915724,NA,11.4761431218887
12,PIFL,Ambient_HW,Drought,1,475,475,348,706,358,127,34,58.6589383865032,49.2111187693017,9.3772157592602
12,PIFL,Ambient_HW,Watered,0,529,529,NA,NA,NA,NA,NA,47.8508098155089,NA,9.3772157592602
12,PIPO,Ambient,Drought,17,339,339,334,675,341,6,2,37.797103759833,8.42599361624803,4.39062710385188
12,PIPO,Ambient,Watered,1,474,474,NA,NA,NA,NA,NA,43.1705918421325,NA,4.39062710385188
12,PIPO,Ambient_HW,Drought,19,351,351,343,695,352,8,2,29.366782165175,12.1563282198809,4.21877126335912
12,PIPO,Ambient_HW,Watered,0,546,546,NA,NA,NA,NA,NA,31.1287648325468,NA,4.21877126335912
12,PSME,Ambient,Drought,0,397,397,349,707,358,48,13,41.8693142251484,31.4640981705214,7.81970030857376
12,PSME,Ambient,Watered,0,611,611,NA,NA,NA,NA,NA,55.4589938603289,NA,7.81970030857376
12,PSME,Ambient_HW,Drought,0,389,389,360,698,338,30,8,44.5573255835434,24.3117905119046,6.9568851990617
12,PSME,Ambient_HW,Watered,0,563,563,NA,NA,NA,NA,NA,46.2093064219752,NA,6.9568851990617
13,PIED,Ambient,Drought,5,402,402,394,772,378,8,2,60.49928712547,5.97264720370147,4.32148659959598
13,PIED,Ambient,Watered,0,562,562,NA,NA,NA,NA,NA,92.5526876973327,NA,4.32148659959598
13,PIED,Ambient_HW,Drought,8,390,390,385,758,373,5,1,39.8582686396106,4.51750979377379,3.79323880382056
13,PIED,Ambient_HW,Watered,0,544,544,NA,NA,NA,NA,NA,29.8914703552702,NA,3.79323880382056
13,PIFL,Ambient,Drought,0,543,543,365,759,394,178,45,52.0085013293626,42.0043544108665,11.4761431218887
13,PIFL,Ambient,Watered,0,692,692,NA,NA,NA,NA,NA,30.9628810029041,NA,11.4761431218887
13,PIFL,Ambient_HW,Drought,1,453,455,348,706,358,107,29,57.1672523114598,44.2678450487841,9.3772157592602
13,PIFL,Ambient_HW,Watered,0,555,555,NA,NA,NA,NA,NA,52.3048754897667,NA,9.3772157592602
13,PIPO,Ambient,Drought,20,334,334,334,675,341,0,0,34.6505487159408,0.307793505625546,4.39062710385188
13,PIPO,Ambient,Watered,1,506,506,NA,NA,NA,NA,NA,38.9191469587914,NA,4.39062710385188
13,PIPO,Ambient_HW,Drought,19,343,343,343,695,352,0,0,21.0077679868537,0.695852373938459,4.21877126335912
13,PIPO,Ambient_HW,Watered,0,582,582,NA,NA,NA,NA,NA,32.8298644529642,NA,4.21877126335912
13,PSME,Ambient,Drought,0,386,386,349,707,358,36,10,37.9354021573794,24.6757392039865,7.81970030857376
13,PSME,Ambient,Watered,0,680,680,NA,NA,NA,NA,NA,52.2369600953195,NA,7.81970030857376
13,PSME,Ambient_HW,Drought,0,383,383,360,698,338,24,7,41.3005352329279,18.2552083411542,6.9568851990617
13,PSME,Ambient_HW,Watered,0,642,642,NA,NA,NA,NA,NA,34.846807601271,NA,6.9568851990617
14,PIED,Ambient,Drought,8,392,397,394,772,378,4,1,59.1401843377984,3.62576872268618,4.32148659959598
14,PIED,Ambient,Watered,0,505,505,NA,NA,NA,NA,NA,81.2853000240511,NA,4.32148659959598
14,PIED,Ambient_HW,Drought,11,387,387,385,758,373,3,1,39.3532918438517,3.25859188187652,3.79323880382056
14,PIED,Ambient_HW,Watered,0,466,466,NA,NA,NA,NA,NA,35.3652371687226,NA,3.79323880382056
14,PIEN,Ambient,Drought,0,370,370,313,677,363,56,15,43.8100631981615,18.4763164349891,7.66893041629714
14,PIEN,Ambient,Watered,0,614,614,NA,NA,NA,NA,NA,40.4783892960182,NA,7.66893041629714
14,PIEN,Ambient_HW,Drought,0,446,446,395,814,419,51,12,34.8368796985968,17.2182413810851,7.50704013715058
14,PIEN,Ambient_HW,Watered,0,741,741,NA,NA,NA,NA,NA,13.4275835502893,NA,7.50704013715058
14,PIFL,Ambient,Drought,0,517,517,365,759,394,152,39,48.886415075636,39.1637587573001,11.4761431218887
14,PIFL,Ambient,Watered,0,653,653,NA,NA,NA,NA,NA,28.3989436423259,NA,11.4761431218887
14,PIFL,Ambient_HW,Drought,1,432,435,348,706,358,86,23,55.5277076403256,39.1185781681126,9.3772157592602
14,PIFL,Ambient_HW,Watered,0,516,516,NA,NA,NA,NA,NA,52.7986742257796,NA,9.3772157592602
14,PIPO,Ambient,Drought,20,341,334,334,675,341,0,0,34.6490297578142,0.307793505625546,4.39062710385188
14,PIPO,Ambient,Watered,0,419,419,NA,NA,NA,NA,NA,46.4686274096119,NA,4.39062710385188
14,PIPO,Ambient_HW,Drought,20,365,343,343,695,352,0,0,20.8250860868885,0,4.21877126335912
14,PIPO,Ambient_HW,Watered,1,509,509,NA,NA,NA,NA,NA,36.1759588677342,NA,4.21877126335912
14,PSME,Ambient,Drought,0,376,376,349,707,358,27,7,35.693726413239,19.5794602366331,7.81970030857376
14,PSME,Ambient,Watered,0,612,612,NA,NA,NA,NA,NA,58.9855914609661,NA,7.81970030857376
14,PSME,Ambient_HW,Drought,0,377,377,360,698,338,18,5,38.3386571436579,13.635383537346,6.9568851990617
14,PSME,Ambient_HW,Watered,0,574,574,NA,NA,NA,NA,NA,37.5273233791061,NA,6.9568851990617
15,PIED,Ambient,Drought,13,391,396,394,772,378,2,1,58.4854157858959,2.21768542741543,4.32148659959598
15,PIED,Ambient,Watered,0,560,560,NA,NA,NA,NA,NA,84.7100938495525,NA,4.32148659959598
15,PIED,Ambient_HW,Drought,16,389,386,385,758,373,2,0,38.8969962309363,2.36809939336213,3.79323880382056
15,PIED,Ambient_HW,Watered,0,519,519,NA,NA,NA,NA,NA,44.0488365340107,NA,3.79323880382056
15,PIEN,Ambient,Drought,0,358,358,313,676,363,46,13,41.6557318985035,15.993008340818,7.66893041629714
15,PIEN,Ambient,Watered,0,575,575,NA,NA,NA,NA,NA,40.9182111045925,NA,7.66893041629714
15,PIEN,Ambient_HW,Drought,0,437,437,396,816,421,41,10,32.4901199557164,13.4041431144098,7.50704013715058
15,PIEN,Ambient_HW,Watered,0,689,689,NA,NA,NA,NA,NA,16.1771443709945,NA,7.50704013715058
15,PIFL,Ambient,Drought,0,498,498,365,759,394,133,34,47.3367277013704,37.7395506625414,11.4761431218887
15,PIFL,Ambient,Watered,0,696,696,NA,NA,NA,NA,NA,31.1801218727573,NA,11.4761431218887
15,PIFL,Ambient_HW,Drought,1,417,421,348,706,358,73,20,53.2737715657724,34.4438520982834,9.3772157592602
15,PIFL,Ambient_HW,Watered,0,562,562,NA,NA,NA,NA,NA,53.8674298625802,NA,9.3772157592602
15,PIPO,Ambient,Drought,20,342,334,334,675,341,0,0,34.6402184872166,0,4.39062710385188
15,PIPO,Ambient,Watered,0,487,487,NA,NA,NA,NA,NA,48.5274836218268,NA,4.39062710385188
15,PIPO,Ambient_HW,Drought,20,356,343,343,695,352,0,0,20.8565905272423,0.223606797749979,4.21877126335912
15,PIPO,Ambient_HW,Watered,1,580,580,NA,NA,NA,NA,NA,29.2369629065674,NA,4.21877126335912
15,PSME,Ambient,Drought,2,371,371,349,707,358,21,6,34.2997237981821,15.5746082150606,7.81970030857376
15,PSME,Ambient,Watered,0,632,632,NA,NA,NA,NA,NA,65.7381167968782,NA,7.81970030857376
15,PSME,Ambient_HW,Drought,7,374,374,360,698,338,14,4,36.4678661722604,10.5295324032731,6.9568851990617
15,PSME,Ambient_HW,Watered,0,612,612,NA,NA,NA,NA,NA,39.0089733266591,NA,6.9568851990617
16,PIED,Ambient,Drought,15,388,394,394,772,378,1,0,58.5521709686857,1.25656172487509,4.32148659959598
16,PIED,Ambient,Watered,0,499,499,NA,NA,NA,NA,NA,76.0703621655635,NA,4.32148659959598
16,PIED,Ambient_HW,Drought,17,391,385,385,758,373,0,0,38.6640047480586,1.39548142984872,3.79323880382056
16,PIED,Ambient_HW,Watered,0,455,455,NA,NA,NA,NA,NA,46.2839064902694,NA,3.79323880382056
16,PIEN,Ambient,Drought,0,349,349,313,676,363,37,10,40.0014473422361,13.3388037023762,7.66893041629714
16,PIEN,Ambient,Watered,0,626,626,NA,NA,NA,NA,NA,39.4296842493064,NA,7.66893041629714
16,PIEN,Ambient_HW,Drought,0,427,427,396,816,421,32,7,30.8261679677988,11.0434548369992,7.50704013715058
16,PIEN,Ambient_HW,Watered,0,744,744,NA,NA,NA,NA,NA,7.82943165242535,NA,7.50704013715058
16,PIPO,Ambient,Drought,20,NA,334,334,675,341,0,0,34.6402184872166,0,4.39062710385188
16,PIPO,Ambient,Watered,0,411,411,NA,NA,NA,NA,NA,55.126369975418,NA,4.39062710385188
16,PIPO,Ambient_HW,Drought,20,355,343,343,695,352,0,0,20.8250860868885,0,4.21877126335912
16,PIPO,Ambient_HW,Watered,1,506,506,NA,NA,NA,NA,NA,36.9770198907375,NA,4.21877126335912
17,PIED,Ambient,Drought,16,397,394,394,772,378,0,0,58.5126567005126,1.02026255077535,4.32148659959598
17,PIED,Ambient,Watered,0,516,516,NA,NA,NA,NA,NA,75.2043881698402,NA,4.32148659959598
17,PIED,Ambient_HW,Drought,19,394,385,385,758,373,0,0,38.5848006617277,1.18210338847862,3.79323880382056
17,PIED,Ambient_HW,Watered,0,469,469,NA,NA,NA,NA,NA,42.6110314355332,NA,3.79323880382056
17,PIEN,Ambient,Drought,0,339,339,313,676,363,27,7,39.5238435697531,11.6035384802722,7.66893041629714
17,PIEN,Ambient,Watered,0,568,568,NA,NA,NA,NA,NA,37.545971821222,NA,7.66893041629714
17,PIEN,Ambient_HW,Drought,0,418,418,396,816,421,23,5,29.7558486068838,8.88286345487167,7.50704013715058
17,PIEN,Ambient_HW,Watered,0,682,682,NA,NA,NA,NA,NA,6.44204936336256,NA,7.50704013715058
17,PIFL,Ambient,Drought,0,470,470,365,759,394,105,27,45.7620849727439,34.7455033061834,11.4761431218887
17,PIFL,Ambient,Watered,0,715,715,NA,NA,NA,NA,NA,33.071135450722,NA,11.4761431218887
17,PIFL,Ambient_HW,Drought,1,402,406,348,706,358,58,16,50.7220236604429,28.5702734728912,9.3772157592602
17,PIFL,Ambient_HW,Watered,0,596,596,NA,NA,NA,NA,NA,43.6726459010672,NA,9.3772157592602
17,PSME,Ambient,Drought,2,364,364,348,709,361,15,4,34.0822019715286,10.9370875026643,7.81970030857376
17,PSME,Ambient,Watered,0,670,670,NA,NA,NA,NA,NA,70.885118325358,NA,7.81970030857376
17,PSME,Ambient_HW,Drought,5,372,372,361,709,348,12,3,33.8058884698819,7.8084203633916,6.9568851990617
17,PSME,Ambient_HW,Watered,0,652,652,NA,NA,NA,NA,NA,38.2844615999755,NA,6.9568851990617
18,PIEN,Ambient,Drought,8,333,333,313,676,363,20,5,38.826571205541,10.2751616711573,7.66893041629714
18,PIEN,Ambient,Watered,0,630,630,NA,NA,NA,NA,NA,33.9823483591114,NA,7.66893041629714
18,PIEN,Ambient_HW,Drought,7,412,412,396,816,421,16,4,29.6720673183951,7.62889244910426,7.50704013715058
18,PIEN,Ambient_HW,Watered,0,742,742,NA,NA,NA,NA,NA,10.0498756211209,NA,7.50704013715058
18,PIFL,Ambient,Drought,0,452,452,365,759,394,87,22,44.6587941478142,32.0396136385142,11.4761431218887
18,PIFL,Ambient,Watered,0,677,677,NA,NA,NA,NA,NA,33.8038459350412,NA,11.4761431218887
18,PIFL,Ambient_HW,Drought,1,390,395,348,706,358,47,13,49.8706484712939,24.585993016992,9.3772157592602
18,PIFL,Ambient_HW,Watered,0,555,555,NA,NA,NA,NA,NA,44.7135326271589,NA,9.3772157592602
18,PSME,Ambient,Drought,2,355,355,343,705,361,11,3,32.0989966858046,9.1635467061228,7.81970030857376
18,PSME,Ambient,Watered,0,604,604,NA,NA,NA,NA,NA,79.1877515781323,NA,7.81970030857376
18,PSME,Ambient_HW,Drought,2,375,375,366,728,362,9,2,35.0485377726375,7.07749313605524,6.9568851990617
18,PSME,Ambient_HW,Watered,0,586,586,NA,NA,NA,NA,NA,44.2526835344479,NA,6.9568851990617
19,PIED,Ambient,Drought,15,393,383,383,755,373,0,0,58.7328901123755,0.828078671210825,4.32148659959598
19,PIED,Ambient,Watered,0,532,532,NA,NA,NA,NA,NA,49.4287365810618,NA,4.32148659959598
19,PIED,Ambient_HW,Drought,15,NA,379,379,743,364,0,0,42.8782329060195,0,3.79323880382056
19,PIED,Ambient_HW,Watered,0,508,508,NA,NA,NA,NA,NA,23.7276210354093,NA,3.79323880382056
19,PIEN,Ambient,Drought,12,324,324,313,676,363,12,3,37.7867632072954,8.84724161592337,7.66893041629714
19,PIEN,Ambient,Watered,0,559,559,NA,NA,NA,NA,NA,29.8278393451487,NA,7.66893041629714
19,PIEN,Ambient_HW,Drought,10,405,405,396,816,421,10,2,28.7392542847254,6.14966836932135,7.50704013715058
19,PIEN,Ambient_HW,Watered,0,687,687,NA,NA,NA,NA,NA,10.807404868885,NA,7.50704013715058
19,PIFL,Ambient,Drought,0,440,440,365,759,394,74,19,42.3674403286297,28.3761853450537,11.4761431218887
19,PIFL,Ambient,Watered,0,717,717,NA,NA,NA,NA,NA,37.2786802341499,NA,11.4761431218887
19,PIFL,Ambient_HW,Drought,1,383,388,348,706,358,40,11,49.1580426572777,21.777523420164,9.3772157592602
19,PIFL,Ambient_HW,Watered,0,598,598,NA,NA,NA,NA,NA,42.8217234590108,NA,9.3772157592602
19,PSME,Ambient,Drought,8,358,358,349,707,358,9,2,32.1415864410481,7.05691150575094,7.81970030857376
19,PSME,Ambient,Watered,0,671,671,NA,NA,NA,NA,NA,50.4648392447653,NA,7.81970030857376
19,PSME,Ambient_HW,Drought,15,366,366,360,698,338,6,2,33.7112740785631,4.49444101084885,6.9568851990617
19,PSME,Ambient_HW,Watered,0,656,656,NA,NA,NA,NA,NA,34.590461112856,NA,6.9568851990617
20,PIED,Ambient,Drought,15,391,383,383,755,373,0,0,58.6642586085875,0,4.32148659959598
20,PIED,Ambient,Watered,0,480,480,NA,NA,NA,NA,NA,52.6621306063475,NA,4.32148659959598
20,PIED,Ambient_HW,Drought,17,402,381,381,749,368,0,0,40.8239585076618,0.485071250072666,3.79323880382056
20,PIED,Ambient_HW,Watered,0,448,448,NA,NA,NA,NA,NA,45.2249930901045,NA,3.79323880382056
20,PIEN,Ambient,Drought,15,319,319,313,676,363,6,2,36.7486483818757,7.0894658695694,7.66893041629714
20,PIEN,Ambient,Watered,0,591,591,NA,NA,NA,NA,NA,41.991665839783,NA,7.66893041629714
20,PIEN,Ambient_HW,Drought,19,400,400,396,816,421,4,1,27.8832150981648,4.09621134323182,7.50704013715058
20,PIEN,Ambient_HW,Watered,0,720,720,NA,NA,NA,NA,NA,15.5145093380358,NA,7.50704013715058
20,PIFL,Ambient,Drought,0,424,424,365,759,394,59,15,40.939750339917,24.886849201092,11.4761431218887
20,PIFL,Ambient,Watered,0,667,667,NA,NA,NA,NA,NA,36.6169359723066,NA,11.4761431218887
20,PIFL,Ambient_HW,Drought,1,373,379,348,706,358,31,8,48.5837313034767,18.5611365350747,9.3772157592602
20,PIFL,Ambient_HW,Watered,0,534,534,NA,NA,NA,NA,NA,41.4547946563483,NA,9.3772157592602
20,PSME,Ambient,Drought,10,354,354,349,707,358,5,1,31.7944053337425,4.66651002243365,7.81970030857376
20,PSME,Ambient,Watered,0,592,592,NA,NA,NA,NA,NA,51.073476482417,NA,7.81970030857376
20,PSME,Ambient_HW,Drought,16,363,363,360,698,338,3,1,32.6033175580258,2.92178748461676,6.9568851990617
20,PSME,Ambient_HW,Watered,0,576,576,NA,NA,NA,NA,NA,43.914690025093,NA,6.9568851990617
21,PIED,Ambient,Drought,19,NA,394,394,772,378,0,0,58.4074216224685,0,4.32148659959598
21,PIED,Ambient,Watered,0,548,548,NA,NA,NA,NA,NA,59.4112783905548,NA,4.32148659959598
21,PIED,Ambient_HW,Drought,20,403,385,385,758,373,0,0,38.486190277881,0.670820393249937,3.79323880382056
21,PIED,Ambient_HW,Watered,0,529,529,NA,NA,NA,NA,NA,45.7580593994107,NA,3.79323880382056
21,PIEN,Ambient,Drought,18,325,316,314,679,365,2,1,36.2137094004192,3.79904574044742,7.66893041629714
21,PIEN,Ambient,Watered,0,533,533,NA,NA,NA,NA,NA,41.6677333196804,NA,7.66893041629714
21,PIEN,Ambient_HW,Drought,20,403,397,396,816,421,1,0,26.6647806350585,1.76515990031618,7.50704013715058
21,PIEN,Ambient_HW,Watered,0,656,656,NA,NA,NA,NA,NA,15.546703830716,NA,7.50704013715058
21,PIFL,Ambient,Drought,0,413,413,365,759,394,48,12,40.1444759259406,22.5072502938381,11.4761431218887
21,PIFL,Ambient,Watered,0,693,693,NA,NA,NA,NA,NA,46.0890442513186,NA,11.4761431218887
21,PIFL,Ambient_HW,Drought,1,364,370,348,706,358,22,6,48.4162597742361,15.7929864513534,9.3772157592602
21,PIFL,Ambient_HW,Watered,0,592,592,NA,NA,NA,NA,NA,44.8586669440812,NA,9.3772157592602
21,PSME,Ambient,Drought,17,352,352,349,707,358,3,1,31.7604520715539,3.48643989735873,7.81970030857376
21,PSME,Ambient,Watered,0,659,659,NA,NA,NA,NA,NA,40.6534131408422,NA,7.81970030857376
21,PSME,Ambient_HW,Drought,19,361,361,360,698,338,1,0,31.9345959901269,2.10012530954452,6.9568851990617
21,PSME,Ambient_HW,Watered,0,642,642,NA,NA,NA,NA,NA,36.1081708204667,NA,6.9568851990617
22,PIED,Ambient,Drought,19,NA,394,394,772,378,0,0,58.4074216224685,0,4.32148659959598
22,PIED,Ambient,Watered,0,499,499,NA,NA,NA,NA,NA,112.324529823187,NA,4.32148659959598
22,PIED,Ambient_HW,Drought,20,400,385,385,758,373,0,0,38.4175124540605,0,3.79323880382056
22,PIED,Ambient_HW,Watered,0,469,469,NA,NA,NA,NA,NA,93.0816845571673,NA,3.79323880382056
22,PIEN,Ambient,Drought,19,328,314,313,676,363,1,0,34.9224705221212,2.85205373832889,7.66893041629714
22,PIEN,Ambient,Watered,0,624,624,NA,NA,NA,NA,NA,42.511175001404,NA,7.66893041629714
22,PIEN,Ambient_HW,Drought,20,405,396,396,816,421,0,0,26.2042081795232,1.11803398874989,7.50704013715058
22,PIEN,Ambient_HW,Watered,0,763,763,NA,NA,NA,NA,NA,14.0890028036054,NA,7.50704013715058
22,PIFL,Ambient,Drought,0,402,402,365,759,394,37,9,38.8009766561833,20.7224134948763,11.4761431218887
22,PIFL,Ambient,Watered,0,643,643,NA,NA,NA,NA,NA,48.9162549670352,NA,11.4761431218887
22,PIFL,Ambient_HW,Drought,1,356,363,348,706,358,15,4,48.0076748250242,13.0710608436709,9.3772157592602
22,PIFL,Ambient_HW,Watered,0,546,546,NA,NA,NA,NA,NA,46.5542694067902,NA,9.3772157592602
22,PSME,Ambient,Drought,18,348,350,349,707,358,1,0,31.6448632232951,1.58943882847805,7.81970030857376
22,PSME,Ambient,Watered,0,579,579,NA,NA,NA,NA,NA,52.1392366649148,NA,7.81970030857376
22,PSME,Ambient_HW,Drought,20,373,360,360,698,338,0,0,31.5235500939586,0.882579950158088,6.9568851990617
22,PSME,Ambient_HW,Watered,0,564,564,NA,NA,NA,NA,NA,40.0349847008838,NA,6.9568851990617
23,PIEN,Ambient,Drought,20,330,313,313,676,363,0,0,33.9473276213545,1.18210338847862,7.66893041629714
23,PIEN,Ambient,Watered,0,568,568,NA,NA,NA,NA,NA,44.5331337320876,NA,7.66893041629714
23,PIEN,Ambient_HW,Drought,20,400,396,396,816,421,0,0,26.1360811301562,0,7.50704013715058
23,PIEN,Ambient_HW,Watered,0,693,693,NA,NA,NA,NA,NA,15.1558569536665,NA,7.50704013715058
23,PIFL,Ambient,Drought,0,393,393,365,759,394,28,7,37.0027026039991,18.3827006778255,11.4761431218887
23,PIFL,Ambient,Watered,0,675,675,NA,NA,NA,NA,NA,48.4943295654245,NA,11.4761431218887
23,PIFL,Ambient_HW,Drought,1,350,357,348,706,358,9,2,47.0184734131731,10.4885902921122,9.3772157592602
23,PIFL,Ambient_HW,Watered,0,586,586,NA,NA,NA,NA,NA,44.3767957383135,NA,9.3772157592602
23,PSME,Ambient,Drought,20,342,349,349,707,358,0,0,31.8963782798051,0.366347548532523,7.81970030857376
23,PSME,Ambient,Watered,0,634,634,NA,NA,NA,NA,NA,53.9379272868359,NA,7.81970030857376
23,PSME,Ambient_HW,Drought,20,377,360,360,698,338,0,0,31.3393564573029,0,6.9568851990617
23,PSME,Ambient_HW,Watered,0,606,606,NA,NA,NA,NA,NA,44.73589163077,NA,6.9568851990617
24,PIEN,Ambient,Drought,20,362,313,313,676,363,0,0,33.057008174874,0,7.66893041629714
24,PIEN,Ambient,Watered,0,596,596,NA,NA,NA,NA,NA,40.3150096118059,NA,7.66893041629714
24,PIEN,Ambient_HW,Drought,20,NA,396,396,816,421,0,0,26.1360811301562,0,7.50704013715058
24,PIEN,Ambient_HW,Watered,0,723,723,NA,NA,NA,NA,NA,20.7050718424255,NA,7.50704013715058
24,PIFL,Ambient,Drought,0,385,385,365,759,394,20,5,35.4823529155135,16.1372403562626,11.4761431218887
24,PIFL,Ambient,Watered,0,628,628,NA,NA,NA,NA,NA,46.3001079912347,NA,11.4761431218887
24,PIFL,Ambient_HW,Drought,1,346,354,348,706,358,5,1,45.6460928171698,8.09467011128473,9.3772157592602
24,PIFL,Ambient_HW,Watered,0,539,539,NA,NA,NA,NA,NA,45.6048243062069,NA,9.3772157592602
24,PSME,Ambient,Drought,20,342,349,349,707,358,0,0,31.928002888077,0,7.81970030857376
24,PSME,Ambient,Watered,0,567,567,NA,NA,NA,NA,NA,55.707270620629,NA,7.81970030857376
24,PSME,Ambient_HW,Drought,20,369,360,360,698,338,0,0,31.3393564573029,0,6.9568851990617
24,PSME,Ambient_HW,Watered,0,536,536,NA,NA,NA,NA,NA,48.3993801613202,NA,6.9568851990617
25,PIFL,Ambient,Drought,0,381,381,365,759,394,16,4,34.077736210951,14.1387857738172,11.4761431218887
25,PIFL,Ambient,Watered,0,695,695,NA,NA,NA,NA,NA,39.2657611666959,NA,11.4761431218887
25,PIFL,Ambient_HW,Drought,1,346,353,348,706,358,5,1,45.1958020873155,6.92269342167673,9.3772157592602
25,PIFL,Ambient_HW,Watered,0,597,597,NA,NA,NA,NA,NA,47.241930527869,NA,9.3772157592602
26,PIFL,Ambient,Drought,2,378,378,365,759,394,13,3,32.6336926310346,12.1103479023432,11.4761431218887
26,PIFL,Ambient,Watered,0,654,654,NA,NA,NA,NA,NA,37.1644991894146,NA,11.4761431218887
26,PIFL,Ambient_HW,Drought,2,345,352,348,706,358,4,1,44.5424398452579,5.3555185507445,9.3772157592602
26,PIFL,Ambient_HW,Watered,0,557,557,NA,NA,NA,NA,NA,49.3842080021539,NA,9.3772157592602
27,PIFL,Ambient,Drought,2,372,372,365,759,394,7,2,30.8994975261479,9.57120132150829,11.4761431218887
27,PIFL,Ambient,Watered,0,682,682,NA,NA,NA,NA,NA,37.7186956296211,NA,11.4761431218887
27,PIFL,Ambient_HW,Drought,8,343,351,348,706,358,3,1,44.4035323393368,4.04448942844979,9.3772157592602
27,PIFL,Ambient_HW,Watered,0,588,588,NA,NA,NA,NA,NA,43.4131316539132,NA,9.3772157592602
28,PIFL,Ambient,Drought,4,369,369,365,759,394,4,1,29.5853359836112,7.37634911835045,11.4761431218887
28,PIFL,Ambient,Watered,0,630,630,NA,NA,NA,NA,NA,31.5943032839783,NA,11.4761431218887
28,PIFL,Ambient_HW,Drought,11,342,349,348,706,358,1,0,44.2272540409192,2.833539724165,9.3772157592602
28,PIFL,Ambient_HW,Watered,0,537,537,NA,NA,NA,NA,NA,44.1078224354819,NA,9.3772157592602
29,PIFL,Ambient,Drought,6,368,368,365,759,394,3,1,28.9225826902385,5.87120538148505,11.4761431218887
29,PIFL,Ambient,Watered,0,688,688,NA,NA,NA,NA,NA,37.1119926708335,NA,11.4761431218887
29,PIFL,Ambient_HW,Drought,13,342,349,348,706,358,1,0,44.059887473875,2.15211034739588,9.3772157592602
29,PIFL,Ambient_HW,Watered,0,595,595,NA,NA,NA,NA,NA,41.5656107858407,NA,9.3772157592602
30,PIFL,Ambient,Drought,8,374,368,365,759,394,3,1,28.5182766881724,4.70609906621744,11.4761431218887
30,PIFL,Ambient,Watered,0,642,642,NA,NA,NA,NA,NA,32.858788778651,NA,11.4761431218887
30,PIFL,Ambient_HW,Drought,16,352,349,348,706,358,1,0,43.9585929567456,1.68272961207926,9.3772157592602
30,PIFL,Ambient_HW,Watered,0,549,549,NA,NA,NA,NA,NA,43.5924305355873,NA,9.3772157592602
31,PIFL,Ambient,Drought,14,374,367,365,759,394,2,1,28.2179487486059,3.58762492905529,11.4761431218887
31,PIFL,Ambient,Watered,0,689,689,NA,NA,NA,NA,NA,41.0329136182163,NA,11.4761431218887
31,PIFL,Ambient_HW,Drought,18,365,349,348,706,358,1,0,44.0792050267411,1.34848843251679,9.3772157592602
31,PIFL,Ambient_HW,Watered,0,602,602,NA,NA,NA,NA,NA,47.7409677321271,NA,9.3772157592602
32,PIFL,Ambient,Drought,17,376,366,365,759,394,1,0,27.770251027048,2.42573917112203,11.4761431218887
32,PIFL,Ambient,Watered,0,634,634,NA,NA,NA,NA,NA,35.2746367805538,NA,11.4761431218887
32,PIFL,Ambient_HW,Drought,19,373,349,348,706,358,0,0,43.82188830638,0.571240570577479,9.3772157592602
32,PIFL,Ambient_HW,Watered,0,547,547,NA,NA,NA,NA,NA,47.4836814074056,NA,9.3772157592602
33,PIFL,Ambient,Drought,18,374,366,365,759,394,1,0,27.6201204311563,1.56944509134179,11.4761431218887
33,PIFL,Ambient,Watered,0,673,673,NA,NA,NA,NA,NA,32.5760648329414,NA,11.4761431218887
33,PIFL,Ambient_HW,Drought,19,369,348,348,706,358,0,0,43.6763214182648,0.447213595499958,9.3772157592602
33,PIFL,Ambient_HW,Watered,0,589,589,NA,NA,NA,NA,NA,46.4811789867684,NA,9.3772157592602
34,PIFL,Ambient,Drought,19,373,365,365,759,394,0,0,27.4582937331663,0.670820393249937,11.4761431218887
34,PIFL,Ambient,Watered,0,619,619,NA,NA,NA,NA,NA,26.5273443827308,NA,11.4761431218887
34,PIFL,Ambient_HW,Drought,20,368,348,348,706,358,0,0,43.6689399435053,0.223606797749979,9.3772157592602
34,PIFL,Ambient_HW,Watered,0,534,534,NA,NA,NA,NA,NA,46.8486926178309,NA,9.3772157592602
35,PIFL,Ambient,Drought,20,371,365,365,759,394,0,0,27.3974643467526,0.223606797749979,11.4761431218887
35,PIFL,Ambient,Watered,0,664,664,NA,NA,NA,NA,NA,27.1293199325011,NA,11.4761431218887
35,PIFL,Ambient_HW,Drought,20,367,348,348,706,358,0,0,43.6627023779721,0,9.3772157592602
35,PIFL,Ambient_HW,Watered,0,586,586,NA,NA,NA,NA,NA,48.9846914862184,NA,9.3772157592602
36,PIFL,Ambient,Drought,20,371,365,365,759,394,0,0,27.3870407309735,0,11.4761431218887
36,PIFL,Ambient,Watered,0,691,691,NA,NA,NA,NA,NA,32.7719392163479,NA,11.4761431218887
36,PIFL,Ambient_HW,Drought,20,381,348,348,706,358,0,0,43.6627023779721,0,9.3772157592602
36,PIFL,Ambient_HW,Watered,0,607,607,NA,NA,NA,NA,NA,44.8698116777862,NA,9.3772157592602
