Species,SpeciesID,week_1,week_2,week_3,week_4,week_5,week_6,week_7,week_8,week_9,week_10,week_11,week_12,week_13,week_14,week_15,week_16,week_17,week_18,week_19,week_20,week_21,week_22,week_23,week_24,week_25,week_26,week_27,week_28,week_29,week_30,week_31,week_32
PIED,PIED51,550,458,487,437,568,555,461,418,481,447,496,459,528,459,521,X,X,X,X,X,X,X,X,X,X,X,X,X,X,X,X,X
PIED,PIED52,664,548,610,523,666,682,575,486,534,502,542,508,555,511,573,X,X,X,X,X,X,X,X,X,X,X,X,X,X,X,X,X
PIED,PIED53,692,578,618,537,680,649,557,497,551,520,560,527,595,537,618,X,X,X,X,X,X,X,X,X,X,X,X,X,X,X,X,X
PIED,PIED54,510,451,480,442,577,672,541,432,472,441,507,453,554,465,540,X,X,X,X,X,X,X,X,X,X,X,X,X,X,X,X,X
PIED,PIED55,638,570,616,558,702,704,627,539,595,556,607,561,617,565,615,X,X,X,X,X,X,X,X,X,X,X,X,X,X,X,X,X
PIED,PIED56,527,439,391,370,352,347,344,339,340,340,X,X,X,X,X,X,X,X,X,X,X,X,X,X,X,X,X,X,X,X,X,X
PIED,PIED57,618,514,488,466,450,437,433,420,422,421,X,X,X,X,X,X,X,X,X,X,X,X,X,X,X,X,X,X,X,X,X,X
PIED,PIED58,675,579,509,475,459,445,438,420,420,420,X,X,X,X,X,X,X,X,X,X,X,X,X,X,X,X,X,X,X,X,X,X
PIED,PIED59,706,602,535,489,456,445,444,438,440,440,X,X,X,X,X,X,X,X,X,X,X,X,X,X,X,X,X,X,X,X,X,X
PIED,PIED60,614,485,433,408,393,385,381,374,376,377,X,X,X,X,X,X,X,X,X,X,X,X,X,X,X,X,X,X,X,X,X,X
PIED,PIED61,619,559,498,450,428,404,395,385,386,386,X,X,X,X,X,X,X,X,X,X,X,X,X,X,X,X,X,X,X,X,X,X
PIED,PIED62,584,494,467,444,429,422,418,408,408,408,X,X,X,X,X,X,X,X,X,X,X,X,X,X,X,X,X,X,X,X,X,X
PIED,PIED63,681,545,510,492,478,469,467,460,460,461,X,X,X,X,X,X,X,X,X,X,X,X,X,X,X,X,X,X,X,X,X,X
PIED,PIED64,652,554,479,451,433,416,410,402,404,404,X,X,X,X,X,X,X,X,X,X,X,X,X,X,X,X,X,X,X,X,X,X
PIED,PIED65,645,584,524,481,464,446,438,427,428,428,X,X,X,X,X,X,X,X,X,X,X,X,X,X,X,X,X,X,X,X,X,X
PIED,PIED66,615,521,462,425,399,379,376,371,373,374,X,X,X,X,X,X,X,X,X,X,X,X,X,X,X,X,X,X,X,X,X,X
PIED,PIED67,641,554,493,460,443,425,414,396,398,398,X,X,X,X,X,X,X,X,X,X,X,X,X,X,X,X,X,X,X,X,X,X
PIED,PIED68,616,534,474,424,399,377,366,347,348,348,X,X,X,X,X,X,X,X,X,X,X,X,X,X,X,X,X,X,X,X,X,X
PIED,PIED69,584,516,488,470,465,462,460,453,455,455,X,X,X,X,X,X,X,X,X,X,X,X,X,X,X,X,X,X,X,X,X,X
PIED,PIED70,638,529,483,462,447,440,437,431,431,431,X,X,X,X,X,X,X,X,X,X,X,X,X,X,X,X,X,X,X,X,X,X
PIED,PIED71,572,507,484,469,459,451,448,438,439,439,X,X,X,X,X,X,X,X,X,X,X,X,X,X,X,X,X,X,X,X,X,X
PIED,PIED77,686,567,579,508,636,667,572,498,520,491,543,500,571,506,568,X,X,X,X,X,X,X,X,X,X,X,X,X,X,X,X,X
PIED,PIED78,625,488,493,453,591,574,498,459,488,461,512,469,529,474,525,X,X,X,X,X,X,X,X,X,X,X,X,X,X,X,X,X
PIED,PIED79,511,421,458,409,542,542,452,385,434,397,478,424,539,445,549,X,X,X,X,X,X,X,X,X,X,X,X,X,X,X,X,X
PIED,PIED80,692,583,605,522,670,647,568,513,592,519,608,531,577,521,582,X,X,X,X,X,X,X,X,X,X,X,X,X,X,X,X,X
PIED,PIED81,568,455,418,396,380,372,370,367,365,365,X,X,X,X,X,X,X,X,X,X,X,X,X,X,X,X,X,X,X,X,X,X
PIED,PIED82,698,603,514,480,453,445,442,440,440,440,X,X,X,X,X,X,X,X,X,X,X,X,X,X,X,X,X,X,X,X,X,X
PIED,PIED83,564,463,435,412,400,395,392,388,389,388,NA,X,X,X,X,X,X,X,X,X,X,X,X,X,X,X,X,X,X,X,X,X
PIED,PIED84,684,592,510,475,458,442,432,424,423,422,X,X,X,X,X,X,X,X,X,X,X,X,X,X,X,X,X,X,X,X,X,X
PIED,PIED85,602,518,490,475,461,453,450,445,446,445,X,X,X,X,X,X,X,X,X,X,X,X,X,X,X,X,X,X,X,X,X,X
PIED,PIED86,512,448,461,432,415,399,393,385,382,378,377,376,376,375,NA,X,X,X,X,X,X,X,X,X,X,X,X,X,X,X,X,X
PIED,PIED87,564,486,456,438,423,415,413,410,408,408,X,X,X,X,X,X,X,X,X,X,X,X,X,X,X,X,X,X,X,X,X,X
PIED,PIED88,676,554,512,490,475,461,455,451,451,450,X,X,X,X,X,X,X,X,X,X,X,X,X,X,X,X,X,X,X,X,X,X
PIED,PIED89,535,452,416,399,385,378,376,373,373,373,X,X,X,X,X,X,X,X,X,X,X,X,X,X,X,X,X,X,X,X,X,X
PIED,PIED90,666,575,502,477,464,451,445,437,433,430,NA,NA,X,X,X,X,X,X,X,X,X,X,X,X,X,X,X,X,X,X,X,X
PIED,PIED91,593,501,478,462,450,438,435,430,429,428,NA,X,X,X,X,X,X,X,X,X,X,X,X,X,X,X,X,X,X,X,X,X
PIED,PIED92,585,527,507,492,479,470,465,458,454,451,450,450,450,NA,X,X,X,X,X,X,X,X,X,X,X,X,X,X,X,X,X,X
PIED,PIED93,678,572,481,450,433,420,412,405,402,402,NA,X,X,X,X,X,X,X,X,X,X,X,X,X,X,X,X,X,X,X,X,X
PIED,PIED94,600,521,491,474,461,451,447,443,443,443,X,X,X,X,X,X,X,X,X,X,X,X,X,X,X,X,X,X,X,X,X,X
PIED,PIED95,541,458,425,404,391,384,381,377,377,376,X,X,X,X,X,X,X,X,X,X,X,X,X,X,X,X,X,X,X,X,X,X
PIED,PIED96,621,533,450,409,391,374,366,357,355,354,X,X,X,X,X,X,X,X,X,X,X,X,X,X,X,X,X,X,X,X,X,X
