Species,SpeciesID,week_1,week_2,week_3,week_4,week_5,week_6,week_7,week_8,week_9,week_10,week_11,week_12,week_13,week_14,week_15,week_16,week_17,week_18,week_19,week_20,week_21,week_22,week_23,week_24,week_25,week_26,week_27,week_28,week_29,week_30
PIFL,PIFL53,99.6,272.3,188.8,171.6,176.5,60,99,70.5,96.3,153.4,181.2,158.2,125.6,164.1,123.2,143.7,118.2,133.7,166.1,127.9,106.1,125.4,100.7,56.4,56.4,X,X,X,X,X
PIFL,PIFL54,135.9,293.1,208.8,179.4,169.2,78.9,96,93.4,159.6,129.7,134.1,148.2,180.4,120.7,152.9,144.9,126.2,117.2,161.8,89.4,118.6,64.2,98.9,56,56,X,X,X,X,X
PIFL,PIFL55,128,247.2,133.9,121.1,165.7,104.7,99.3,105.4,113.3,116.4,159.9,96.4,86,138.5,125.6,182.3,141.6,101.5,146.3,107.5,116.6,109.1,129.8,148.1,148.1,X,X,X,X,X
PIFL,PIFL56,117.7,182.7,171.1,207.4,144.7,74.8,67.3,41.1,78.8,52.2,70.9,60.7,63.8,55.2,43.5,79.5,63,58.1,73,48.2,46.2,NA,X,X,X,X,X,X,X,X
PIFL,PIFL57,154.9,280,139.5,175.8,151.5,65,92.2,39.3,59.7,43.3,58.9,62.4,64.6,56,51.3,73.5,72,63.4,71.1,54.9,58.8,NA,X,X,X,X,X,X,X,X
PIFL,PIFL58,102.1,230.2,114.2,127.5,71.8,67.7,60.7,51.9,75.2,66.5,66.7,90.8,81.6,78.8,55.2,78.1,70.4,57.8,66.8,46.6,58.6,42.4,53.9,54.1,NA,X,X,X,X,X
PIFL,PIFL59,94.6,225.3,165.3,180.8,211.7,50.6,86,68.3,94.8,123.8,125.8,165.3,128.5,78.8,44.9,65.7,53.9,49.9,60.9,48.5,49.6,47.2,72.6,NA,X,X,X,X,X,X
PIFL,PIFL60,139.5,223.6,57.8,63.6,54.8,36.7,43.2,36.7,61.7,53.9,54.7,62.9,56.8,64.2,56.7,NA,75.4,70.8,79.1,58.4,57.1,X,X,X,X,X,X,X,X,X
PIFL,PIFL61,105.7,214,160.9,150.4,148.8,62.1,68.6,62.5,67.2,89.1,73.5,63,81.2,60.3,44.9,53.4,67.3,58.5,68.7,51.5,60.3,59.2,54.5,NA,X,X,X,X,X,X
PIFL,PIFL62,125.6,247.2,183.2,252.5,157.5,49.9,52.8,37.7,47.1,45,52.7,50.5,61.2,57.5,48.4,67.2,52.6,50,61.2,55.6,52.8,NA,X,X,X,X,X,X,X,X
PIFL,PIFL63,72.7,136.6,132.4,135.9,128.8,38.6,37.1,41.8,67.9,61.1,68.7,75.4,86.7,57.5,49.9,65.8,59.5,54.6,69,49.9,50.1,47.3,56.1,NA,X,X,X,X,X,X
PIFL,PIFL64,119.6,211.7,154.1,161.7,166.3,62.1,57.1,52.2,105.7,69.4,80.6,71.3,73.4,55.4,45.5,68.3,55,52.8,68,53.8,52.9,53.2,51.7,NA,X,X,X,X,X,X
PIFL,PIFL65,133.7,264.4,215.2,145,164,51.5,54.7,42.4,69.3,53.8,61.7,55.5,67.1,47.8,48.4,62.5,61.3,50.8,65.6,53.5,45.4,X,X,X,X,X,X,X,X,X
PIFL,PIFL78,71.1,233.6,240.7,161.8,164.1,45.5,66.3,63.6,95.6,95.2,121.5,99.2,121.2,195.7,108.9,118,124.4,121.7,173.8,127.2,112.2,90.4,117.8,150.1,150.1,X,X,X,X,X
PIFL,PIFL79,68.8,200.8,116.5,112.3,121.2,34.7,48.2,47.1,65.3,60.7,56.7,67.4,74.5,99.3,87,98.6,89.3,86.7,119,97.7,101.8,89.5,103.7,93.8,93.8,X,X,X,X,X
PIFL,PIFL80,82.3,212,143.7,126.1,183.1,42.2,84.1,58.4,126.5,85.6,83.2,84.6,128.7,160.6,101.6,141.7,103.8,82.5,115.8,118.3,107.4,81.2,99.7,73.3,73.3,X,X,X,X,X
PIFL,PIFL81,54.9,238.1,84.6,149.9,178.8,38.5,51.1,63.3,61,84.4,65.3,80.1,60.3,61.5,53.6,120.1,61.4,55,74.2,48.3,52.5,57.7,NA,X,X,X,X,X,X,X
PIFL,PIFL82,52.8,157.1,78.4,88.9,115.2,34.9,46,48.2,64.5,68.2,60.3,75.4,79.3,102.4,74.2,77.6,91.7,55.1,63.5,41,46.2,45.7,44.5,53.5,NA,X,X,X,X,X
PIFL,PIFL83,124.8,256.4,126.1,167,160.5,54.2,73.2,67.5,61.1,57.2,47.8,53.1,56.9,72.5,54.8,74.5,62.4,51.1,61.4,49.8,49.8,50.5,54.4,NA,X,X,X,X,X,X
PIFL,PIFL84,93.7,234.8,169.9,163.2,180.7,57.4,82.7,63,73.4,55.2,55.8,54.1,67.2,58,48.5,60.8,54.6,51.8,60.2,49.3,47.3,59.1,NA,X,X,X,X,X,X,X
PIFL,PIFL85,98.8,262,90.4,134.1,146.2,33,56.1,53.5,76.1,84.7,66.2,110.3,106.8,120.8,76.7,124.8,95.9,57.2,49.1,42.7,46.8,53,44.9,60.1,NA,X,X,X,X,X
PIFL,PIFL86,89.5,232.2,140.8,117.7,108,36.4,46,62.8,60.8,63,64.9,46.1,73.8,61.5,84.4,64.7,57.9,58.3,55.8,49,41.7,49.3,52.9,55.3,NA,X,X,X,X,X
PIFL,PIFL87,81,239.3,161.9,184.1,183.6,78.3,46.1,68.6,79.3,84.6,66.7,60.4,68.6,62.1,48.2,77.2,59.5,49.7,52.6,46.7,46.8,42.3,51.2,57.4,NA,X,X,X,X,X
PIFL,PIFL88,85,279.2,147,176.5,127.7,36.1,76.3,76.1,73.9,89.3,100.9,76.5,94,81,54.8,70.9,52.7,43.4,58.8,45,46.3,56.2,53.4,59.7,NA,X,X,X,X,X
PIFL,PIFL89,56.9,207.8,162,141.7,119.1,55.2,79,83,89.5,75.3,78.1,86.7,71,75.4,58.9,64.3,56.8,47.1,54.2,43.5,50.6,47.7,64.9,58.2,NA,X,X,X,X,X
PIFL,PIFL90,81.5,201.6,103,118.8,124.4,58.5,65.7,41.4,74.1,58.9,53.1,51.5,58.3,58.9,47.1,71.2,56.2,58.1,70.8,51.5,56.1,48.6,NA,X,X,X,X,X,X,X
